Date,Category,Assets,Nonfinancial assets,Real_estate,Consumer durables,Financial assets,Deposits,Money market fund shares,Debt securities,U.S. government and municipal securities,Corporate and foreign bonds,Loans (Assets),Other loans and advances (Assets),Mortgages,Corporate equities and mutual fund shares,Life insurance reserves,Annuities,DC pension entitlements,DB pension entitlements,Miscellaneous other equity,Miscellaneous assets,Liabilities,Loans (Liabilities),Home mortgages,Consumer credit,Depository institutions loans n.e.c.,Other loans and advances (Liabilities),Deferred and unpaid life insurance premiums,Net worth,Household_count
1989:Q3,White,89.2,86.9,87,86.7,90.6,91.4,97,97.4,97.1,99,99,99.2,98.8,96.2,89.4,84.9,93,85.6,88.2,85.9,81.9,81.9,82.6,79.1,93.2,86,89.3,90.3,69591129
1989:Q3,Black,4.3,5.1,4.9,5.8,3.8,3.2,1.5,0.8,0.9,0.4,0.1,0.1,0.1,0.8,4.3,9.1,3.5,9.1,1.3,5.4,5.9,5.9,4.7,10,2.9,0.6,4.3,4,11845844
1989:Q3,Hispanic,2.7,3.8,3.8,3.5,2,2.9,0.2,0.5,0.5,0,0,0,0,0.7,2.4,2.9,1.7,2.7,1.9,4,6.4,6.5,6.4,5.9,2.9,10.2,2.4,2.1,7359603
1989:Q3,Other,3.9,4.2,4.3,3.9,3.6,2.6,1.3,1.3,1.5,0.5,0.9,0.7,1.2,2.3,3.9,3.2,1.7,2.6,8.6,4.6,5.8,5.8,6.2,5,1,3.1,4,3.6,4223525
1989:Q4,White,89,86.7,86.8,86.2,90.4,91.4,96.9,97,96.8,98.4,98.5,98.6,98.5,96.1,88.5,84.8,92.5,85.5,87.9,85.6,81.7,81.7,82.4,78.9,93.1,85.8,88.3,90.2,69605334
1989:Q4,Black,4.3,5.1,4.9,6.1,3.8,3.1,1.4,0.8,0.9,0.5,0.3,0.3,0.2,0.9,4.6,9.1,3.8,9.1,1.4,5.5,6,6,4.9,10.1,2.9,0.9,4.9,4.1,11811814
1989:Q4,Hispanic,2.7,3.8,3.9,3.6,2,2.8,0.2,0.4,0.5,0.1,0.1,0.1,0,0.7,2.6,2.8,1.7,2.7,2.1,4.1,6.5,6.5,6.5,6,2.9,9.7,2.6,2.1,7536400
1989:Q4,Other,4,4.4,4.4,4.1,3.7,2.7,1.5,1.7,1.8,1.1,1.1,1.1,1.3,2.4,4.2,3.3,2,2.7,8.6,4.7,5.8,5.8,6.2,5,1.1,3.6,4.2,3.7,4308690
1990:Q1,White,88.8,86.6,86.7,85.9,90.2,91.4,96.8,96.6,96.4,97.3,97.8,97.6,98.3,95.9,87.8,84.7,92.4,85.4,87.5,85.3,81.6,81.6,82.2,78.9,92.9,85.9,87.8,90,69665581
1990:Q1,Black,4.4,5.1,4.9,6.1,3.9,3,1.3,0.9,0.9,0.6,0.6,0.8,0.4,0.9,5,9.1,3.8,9.1,1.6,5.7,6,6,5,9.8,2.9,1.3,5,4.1,11791502
1990:Q1,Hispanic,2.7,3.9,3.9,3.7,2.1,2.8,0.3,0.4,0.5,0.1,0.1,0.2,0,0.7,2.8,2.8,1.8,2.7,2.2,4.2,6.6,6.6,6.6,6.3,3,8.9,2.8,2.1,7669355
1990:Q1,Other,4.1,4.4,4.5,4.3,3.8,2.8,1.7,2.1,2.2,2,1.4,1.4,1.3,2.4,4.4,3.3,2.1,2.7,8.7,4.8,5.8,5.8,6.2,5,1.2,4,4.4,3.8,4377331
1990:Q2,White,88.7,86.4,86.7,85.5,90,91.5,96.5,96.2,96.1,96.5,97.5,97.2,98,95.8,87.1,84.5,92.1,85.4,87.2,85.1,81.6,81.6,82.2,78.9,92.8,85.8,87.2,89.8,69769208
1990:Q2,Black,4.4,5.2,4.8,6.3,4,2.9,1.3,0.9,0.9,0.7,0.6,0.7,0.5,1,5.3,9.2,3.9,9.2,1.7,5.8,6.1,6.1,5.1,9.8,2.9,1.6,5.2,4.2,11784030
1990:Q2,Hispanic,2.7,3.9,3.9,3.7,2.1,2.7,0.3,0.4,0.5,0.1,0.2,0.3,0,0.7,3,2.8,1.8,2.7,2.3,4.2,6.5,6.6,6.5,6.4,3.1,8.1,3,2.1,7761191
1990:Q2,Other,4.2,4.6,4.6,4.4,3.9,2.8,2,2.6,2.5,2.7,1.7,1.8,1.5,2.5,4.7,3.4,2.3,2.7,8.7,4.9,5.8,5.8,6.2,4.9,1.3,4.5,4.6,3.9,4430408
1990:Q3,White,88.5,86.3,86.6,85.5,89.8,91.5,96.4,95.7,95.8,95.5,97.1,96.8,97.8,95.7,86.4,84.6,92.1,85.4,87,85,81.5,81.5,82.1,78.9,92.8,85.6,86.6,89.6,69913556
1990:Q3,Black,4.5,5.2,4.9,6.2,4.1,2.9,1.2,0.9,0.9,0.8,0.7,0.7,0.6,1.1,5.6,9.2,3.7,9.2,1.9,5.9,6.2,6.2,5.2,9.9,2.7,1.7,5.5,4.2,11788526
1990:Q3,Hispanic,2.8,3.9,3.9,3.8,2.1,2.7,0.3,0.4,0.4,0.1,0.2,0.3,0,0.8,3.2,2.8,1.7,2.7,2.5,4.3,6.5,6.5,6.5,6.4,3.1,7.6,3.1,2.2,7814628
1990:Q3,Other,4.2,4.6,4.7,4.5,4,2.9,2.1,3,2.9,3.6,2,2.2,1.6,2.5,4.9,3.5,2.4,2.7,8.6,4.9,5.8,5.8,6.1,4.8,1.3,5.1,4.8,4,4468877
1990:Q4,White,88.5,86.3,86.5,85.4,89.8,91.7,96.2,95.5,95.4,95.6,96.5,96,97.5,95.5,85.8,84.6,91.6,85.4,86.8,84.8,81.5,81.5,82,78.9,92.7,85.8,85.9,89.6,70095963
1990:Q4,Black,4.5,5.2,4.9,6.2,4.1,2.8,1.1,0.9,0.9,0.7,0.9,1,0.8,1.1,5.9,9.2,4,9.2,2,6,6.3,6.3,5.4,9.9,2.7,2.1,5.9,4.2,11804113
1990:Q4,Hispanic,2.8,3.9,3.9,3.8,2.1,2.6,0.3,0.4,0.4,0.1,0.3,0.4,0,0.7,3.3,2.7,1.8,2.7,2.6,4.3,6.5,6.5,6.5,6.4,3.2,6.7,3.2,2.2,7832389
1990:Q4,Other,4.3,4.6,4.7,4.6,4,3,2.3,3.3,3.3,3.7,2.3,2.6,1.7,2.6,5.1,3.5,2.6,2.7,8.6,5,5.7,5.7,6.1,4.8,1.5,5.4,4.9,4,4493698
1991:Q1,White,88.5,86.3,86.6,85.1,89.8,91.8,96.3,95.1,95.1,94.9,96.1,95.6,97.1,95.5,85.2,84.6,91,85.4,86.5,84.8,81.6,81.5,82,79.1,92.5,86,85.4,89.6,70313769
1991:Q1,Black,4.5,5.2,4.9,6.4,4.1,2.7,1,0.9,0.9,0.7,0.9,0.9,0.9,1.1,6.1,9.2,4.4,9.3,2.2,6,6.3,6.3,5.5,9.6,2.7,2.4,6.2,4.2,11829918
1991:Q1,Hispanic,2.7,3.8,3.9,3.8,2.1,2.5,0.3,0.4,0.4,0.1,0.3,0.5,0,0.7,3.4,2.6,1.8,2.6,2.7,4.3,6.5,6.5,6.5,6.6,3.2,5.9,3.4,2.1,7817195
1991:Q1,Other,4.3,4.7,4.7,4.7,4.1,3,2.4,3.7,3.5,4.3,2.7,3,2,2.8,5.2,3.6,2.8,2.7,8.6,5,5.7,5.7,6,4.7,1.6,5.8,5.1,4.1,4505829
1991:Q2,White,88.4,86.3,86.6,85,89.6,91.8,96,94.7,94.8,94.2,95.8,95.2,96.8,95.4,84.7,84.7,90.8,85.5,86.3,84.7,81.7,81.7,82.2,79.3,92.6,86.1,84.9,89.5,70564313
1991:Q2,Black,4.6,5.2,4.9,6.4,4.2,2.7,1,0.9,0.9,0.8,0.8,0.7,1,1.1,6.4,9.2,4.6,9.3,2.3,6,6.3,6.3,5.6,9.5,2.5,2.7,6.4,4.3,11865064
1991:Q2,Hispanic,2.7,3.8,3.8,3.8,2,2.4,0.4,0.3,0.4,0.1,0.3,0.5,0,0.7,3.5,2.6,1.7,2.6,2.8,4.2,6.3,6.3,6.3,6.6,3.2,5,3.5,2.1,7771769
1991:Q2,Other,4.3,4.7,4.7,4.8,4.1,3.1,2.7,4.1,3.9,4.9,3,3.5,2.1,2.8,5.4,3.6,2.9,2.6,8.5,5,5.6,5.6,5.9,4.6,1.7,6.2,5.3,4.1,4506228
1991:Q3,White,88.4,86.3,86.6,85.2,89.6,91.9,95.8,94.2,94.5,92.5,95.3,94.7,96.5,95.3,84.2,84.7,90.4,85.5,86.1,84.7,82.1,82.1,82.6,79.5,92.5,86.6,84.4,89.4,70844934
1991:Q3,Black,4.6,5.2,4.9,6.3,4.3,2.7,1,0.9,0.9,1,0.9,0.8,1.1,1.1,6.7,9.2,4.8,9.4,2.5,6.1,6.3,6.3,5.5,9.5,2.5,3,6.6,4.3,11908676
1991:Q3,Hispanic,2.6,3.7,3.7,3.8,2,2.3,0.4,0.3,0.3,0.1,0.4,0.6,0,0.7,3.6,2.5,1.7,2.5,2.9,4.2,6.1,6.1,6.1,6.5,3.2,4.2,3.6,2.1,7698832
1991:Q3,Other,4.4,4.7,4.7,4.8,4.2,3.2,2.9,4.6,4.2,6.4,3.4,4,2.4,2.9,5.5,3.6,3.1,2.6,8.4,5,5.5,5.5,5.8,4.4,1.8,6.2,5.4,4.2,4495853
1991:Q4,White,88.5,86.4,86.7,85.1,89.6,92.1,95.7,93.7,94.2,91.2,94.5,93.9,95.9,95.3,83.7,84.8,90,85.6,86,84.7,82.4,82.3,82.9,79.7,92.3,87.1,83.9,89.4,71152972
1991:Q4,Black,4.6,5.2,4.9,6.3,4.3,2.6,0.9,1,1,1.2,1.2,1.2,1.2,1.1,7,9.2,5.1,9.4,2.7,6.2,6.4,6.4,5.5,9.7,2.5,3.3,6.9,4.3,11959881
1991:Q4,Hispanic,2.6,3.7,3.7,3.7,1.9,2.2,0.4,0.3,0.3,0.2,0.5,0.7,0,0.6,3.7,2.4,1.7,2.4,3,4.1,5.9,5.9,5.9,6.3,3.2,3.4,3.6,2,7601106
1991:Q4,Other,4.4,4.7,4.7,4.9,4.2,3.2,3,5,4.5,7.5,3.8,4.3,2.9,2.9,5.6,3.6,3.2,2.6,8.4,5,5.4,5.4,5.7,4.3,2,6.1,5.6,4.2,4475664
1992:Q1,White,88.4,86.4,86.9,85,89.5,92.1,95.7,93.4,93.9,90.3,94.2,93.6,95.3,95.3,83.3,84.9,89.9,85.6,85.8,84.7,82.9,82.9,83.4,80.2,92.2,87.1,83.4,89.3,71485767
1992:Q1,Black,4.7,5.3,4.9,6.5,4.4,2.6,0.8,1,1,1.2,0.8,0.6,1.3,1.2,7.2,9.2,5.2,9.5,2.8,6.3,6.2,6.2,5.4,9.5,2.5,3.6,7.2,4.5,12017803
1992:Q1,Hispanic,2.5,3.6,3.5,3.6,1.9,2,0.4,0.2,0.3,0.2,0.5,0.7,0,0.6,3.7,2.3,1.7,2.3,3.1,4.1,5.6,5.6,5.6,6.2,3.2,2.7,3.7,2,7481313
1992:Q1,Other,4.4,4.7,4.7,5,4.2,3.3,3.1,5.4,4.8,8.3,4.5,5,3.3,3,5.7,3.6,3.3,2.6,8.3,4.9,5.3,5.3,5.6,4.1,2.2,6.6,5.7,4.3,4446617
1992:Q2,White,88.3,86.5,87,84.8,89.3,92.2,95.4,92.9,93.7,89.1,93.6,93.1,94.8,95.2,82.9,85,89.7,85.5,85.7,84.8,83.4,83.4,83.9,80.5,92,87.5,83,89.1,71840656
1992:Q2,Black,4.8,5.3,4.9,6.6,4.5,2.6,0.9,1,1,1.4,0.8,0.5,1.5,1.2,7.5,9.3,5.3,9.5,3,6.4,6.2,6.2,5.3,9.5,2.4,3.8,7.5,4.6,12081567
1992:Q2,Hispanic,2.5,3.5,3.4,3.5,1.9,1.9,0.4,0.2,0.2,0.2,0.6,0.8,0,0.6,3.8,2.2,1.6,2.3,3.2,4,5.3,5.3,5.3,6,3.1,2.1,3.8,2,7342176
1992:Q2,Other,4.4,4.7,4.7,5,4.3,3.3,3.3,5.8,5.1,9.4,5,5.6,3.8,3,5.8,3.6,3.4,2.7,8.2,4.9,5.2,5.2,5.5,3.9,2.4,6.6,5.8,4.3,4409673
1992:Q3,White,88.3,86.6,87,85.1,89.3,92.4,95.2,92.4,93.4,86.8,93.1,92.5,94.2,95.2,82.6,85,89.4,85.4,85.6,84.8,83.6,83.6,84.1,80.7,92,87.6,82.5,89.1,72214981
1992:Q3,Black,4.8,5.3,4.9,6.4,4.6,2.5,0.8,1.1,1,1.7,0.7,0.3,1.6,1.2,7.8,9.3,5.6,9.5,3.2,6.5,6.3,6.3,5.4,9.6,2.3,4.1,7.8,4.6,12150298
1992:Q3,Hispanic,2.4,3.4,3.4,3.5,1.9,1.7,0.4,0.2,0.2,0.2,0.6,0.9,0,0.6,3.8,2.1,1.6,2.3,3.2,3.9,5.1,5.1,5.1,5.9,3.1,1.5,3.8,2,7186414
1992:Q3,Other,4.5,4.7,4.7,5,4.3,3.4,3.5,6.3,5.4,11.3,5.6,6.3,4.2,3,5.8,3.5,3.5,2.8,8,4.8,5.1,5.1,5.3,3.8,2.6,6.8,5.9,4.4,4365788
1992:Q4,White,88.4,86.8,87.2,85.4,89.3,92.3,94.9,92.5,93.6,86.4,93.6,93.3,94.3,95.3,82.2,84.9,89.1,85,86.2,84.8,83.7,83.7,84.2,80.7,90.9,88.5,82.2,89.2,72605829
1992:Q4,Black,4.8,5.2,5,6.2,4.5,2.5,1,1.1,1,1.8,0.7,0.4,1.6,1.2,7.8,9.2,5.4,9.5,3.1,6.5,6.3,6.3,5.5,9.6,3.2,3.8,7.8,4.5,12222904
1992:Q4,Hispanic,2.4,3.4,3.3,3.5,1.8,1.7,0.5,0.2,0.2,0.3,0.5,0.7,0,0.5,4.1,2.1,2,2.3,3,3.9,5,5,5,5.7,3.1,1.3,4.1,1.9,7017104
1992:Q4,Other,4.4,4.6,4.6,4.9,4.3,3.5,3.6,6.1,5.1,11.6,5.2,5.6,4.1,3,5.9,3.8,3.5,3.2,7.7,4.8,5.1,5,5.3,3.9,2.8,6.3,5.9,4.3,4316070
1993:Q1,White,88.5,86.9,87.5,85.1,89.4,92.1,94.8,92.7,93.9,87.6,93.9,93.6,94.4,95.3,81.9,84.8,88.8,84.7,87,84.9,84,84,84.5,81.1,89.7,89.5,81.9,89.2,73009285
1993:Q1,Black,4.7,5.3,4.9,6.6,4.5,2.6,1.1,1.1,1,1.5,1,0.9,1.5,1.2,7.8,9.1,5.4,9.5,2.9,6.5,6.1,6.1,5.4,9.2,4.2,3.6,7.9,4.5,12297422
1993:Q1,Hispanic,2.3,3.2,3.2,3.3,1.8,1.7,0.6,0.3,0.3,0.3,0.4,0.6,0,0.5,4.4,2,2.4,2.4,2.8,3.9,4.8,4.8,4.8,5.8,3.1,1.3,4.3,1.9,6838724
1993:Q1,Other,4.4,4.6,4.5,5,4.3,3.6,3.6,5.9,4.9,10.5,4.7,4.9,4,3,5.9,4.1,3.5,3.4,7.3,4.7,5,5,5.3,4,3.1,5.6,5.9,4.3,4262215
1993:Q2,White,88.6,87,87.5,85.4,89.4,92,94.5,92.9,94.1,88.1,94.1,94,94.6,95.3,81.6,84.7,88.6,84.5,87.7,84.9,84.1,84.1,84.5,81.2,88.6,90.3,81.7,89.3,73421184
1993:Q2,Black,4.7,5.3,4.9,6.4,4.5,2.6,1.2,1.1,1,1.5,1.3,1.2,1.5,1.1,7.9,9,5.3,9.5,2.8,6.5,6.2,6.2,5.5,9,5.1,3.4,7.9,4.5,12371673
1993:Q2,Hispanic,2.3,3.2,3.2,3.3,1.8,1.7,0.7,0.3,0.3,0.4,0.4,0.5,0.1,0.5,4.6,2,2.6,2.4,2.6,3.9,4.8,4.8,4.7,5.7,3,1.1,4.5,1.9,6656107
1993:Q2,Other,4.4,4.5,4.4,4.9,4.3,3.7,3.6,5.7,4.6,10.1,4.2,4.4,3.9,3,5.9,4.3,3.4,3.7,6.9,4.7,5,5,5.2,4.1,3.2,5.1,5.9,4.3,4206069
1993:Q3,White,88.7,87.2,87.5,85.8,89.5,91.9,94.3,93,94.3,88.6,94.5,94.5,94.7,95.3,81.4,84.6,88.5,84.2,88.5,85,84.1,84.2,84.5,81.2,87.5,91.2,81.5,89.4,73837360
1993:Q3,Black,4.7,5.2,5,6.2,4.4,2.6,1.3,1.1,1,1.4,1.2,1.1,1.5,1.1,7.9,8.9,5.2,9.5,2.7,6.5,6.3,6.3,5.7,9,6,3.2,7.9,4.4,12443476
1993:Q3,Hispanic,2.3,3.1,3.1,3.3,1.8,1.6,0.8,0.4,0.3,0.4,0.3,0.4,0.1,0.5,4.8,1.9,2.9,2.4,2.4,3.9,4.7,4.7,4.7,5.6,3,1.1,4.7,1.9,6474086
1993:Q3,Other,4.4,4.5,4.4,4.8,4.3,3.9,3.6,5.5,4.4,9.6,4,4.1,3.7,3,5.9,4.5,3.4,3.9,6.5,4.6,4.9,4.9,5.1,4.2,3.5,4.4,5.9,4.3,4149477
1993:Q4,White,88.8,87.3,87.7,85.9,89.6,91.8,94.2,93.5,94.5,90.3,94.8,94.8,94.8,95.4,81.2,84.6,88.5,84,89.2,85.1,84.2,84.2,84.6,81.2,86.5,92,81.3,89.5,74253648
1993:Q4,Black,4.7,5.2,5,6.2,4.3,2.6,1.4,1,1,1,1.2,1.1,1.4,1.1,7.9,8.8,5,9.4,2.5,6.4,6.4,6.4,5.7,9.2,6.9,3.1,7.9,4.4,12510653
1993:Q4,Hispanic,2.2,3.1,3,3.2,1.8,1.6,0.8,0.4,0.4,0.5,0.3,0.3,0.1,0.5,5,1.9,3.1,2.4,2.2,3.9,4.6,4.6,4.5,5.4,3,1.1,4.9,1.8,6297493
1993:Q4,Other,4.3,4.4,4.3,4.7,4.3,4,3.6,5.1,4.1,8.2,3.7,3.7,3.6,3,5.9,4.7,3.4,4.2,6.1,4.6,4.9,4.8,5.1,4.2,3.6,3.9,5.9,4.3,4094284
1994:Q1,White,88.9,87.5,87.9,85.8,89.6,91.7,94.2,93.7,94.7,90.5,95.1,95.2,95,95.3,80.9,84.6,88.5,83.8,89.9,85.2,84.4,84.4,84.7,81.4,85.2,92.7,81.1,89.6,74665881
1994:Q1,Black,4.6,5.2,4.9,6.3,4.3,2.6,1.5,0.9,0.9,1,1.2,1.1,1.4,1.1,8,8.7,4.8,9.4,2.4,6.4,6.3,6.3,5.8,8.9,7.9,2.9,8,4.4,12571022
1994:Q1,Hispanic,2.2,3,2.9,3.1,1.7,1.6,0.9,0.4,0.4,0.5,0.2,0.3,0.1,0.5,5.1,1.8,3.3,2.4,2,3.9,4.5,4.5,4.5,5.4,2.9,1,5,1.8,6131160
1994:Q1,Other,4.3,4.4,4.3,4.7,4.3,4.1,3.5,5,4,8,3.5,3.5,3.5,3.1,6,4.8,3.4,4.4,5.7,4.5,4.8,4.8,5,4.3,3.9,3.4,5.9,4.3,4042335
1994:Q2,White,88.9,87.5,88,86,89.6,91.5,93.9,93.9,94.9,90.8,95.4,95.5,95.1,95.3,80.7,84.6,88.5,83.6,90.6,85.3,84.5,84.5,84.8,81.4,84,93.4,80.9,89.6,75069894
1994:Q2,Black,4.6,5.2,4.9,6.3,4.3,2.7,1.6,0.9,0.9,0.9,1.1,1,1.4,1.1,8,8.5,4.7,9.4,2.3,6.4,6.4,6.4,5.9,9,9,2.7,8,4.3,12622405
1994:Q2,Hispanic,2.1,2.9,2.9,3.1,1.7,1.5,0.9,0.4,0.4,0.5,0.2,0.2,0.1,0.5,5.3,1.8,3.5,2.4,1.8,3.9,4.4,4.4,4.3,5.2,2.9,0.9,5.2,1.8,5979921
1994:Q2,Other,4.3,4.3,4.2,4.6,4.3,4.3,3.5,4.8,3.8,7.7,3.3,3.3,3.4,3.1,6,5,3.4,4.6,5.3,4.5,4.8,4.8,5,4.4,4.1,3,6,4.3,3995476
1994:Q3,White,89,87.7,88.1,86.3,89.7,91.4,93.9,94,95.1,90.5,95.7,95.8,95.2,95.3,80.6,84.6,88.4,83.4,91.3,85.3,84.5,84.5,84.9,81.4,82.9,94.1,80.7,89.7,75461521
1994:Q3,Black,4.6,5.2,4.9,6.1,4.3,2.7,1.7,0.9,0.9,1,1.1,1,1.3,1.1,8,8.4,4.7,9.4,2.1,6.4,6.5,6.5,5.9,9.1,9.9,2.4,8,4.3,12662622
1994:Q3,Hispanic,2.1,2.9,2.8,3.1,1.7,1.5,1,0.4,0.4,0.6,0.1,0.1,0.2,0.5,5.4,1.7,3.6,2.4,1.6,3.9,4.3,4.3,4.2,5.1,2.9,0.8,5.3,1.8,5848606
1994:Q3,Other,4.3,4.3,4.2,4.5,4.3,4.4,3.5,4.7,3.7,7.9,3.1,3.1,3.3,3.1,6,5.2,3.4,4.8,5,4.4,4.7,4.7,5,4.4,4.3,2.7,6,4.2,3955551
1994:Q4,White,89.1,87.8,88.1,86.5,89.7,91.3,93.9,94.3,95.3,91.5,95.9,96.1,95.3,95.3,80.4,84.6,88.5,83.2,91.9,85.4,84.6,84.6,85,81.2,81.6,94.7,80.5,89.8,75836597
1994:Q4,Black,4.5,5.2,4.9,6,4.2,2.7,1.7,0.8,0.8,0.8,1,0.9,1.3,1.1,8,8.3,4.4,9.3,2,6.4,6.6,6.6,5.9,9.5,11,2.3,8,4.2,12689492
1994:Q4,Hispanic,2.1,2.9,2.8,3,1.7,1.5,1,0.4,0.4,0.6,0.1,0.1,0.2,0.5,5.6,1.7,3.8,2.4,1.5,3.9,4.2,4.2,4.2,4.9,2.9,0.8,5.5,1.8,5742049
1994:Q4,Other,4.3,4.2,4.1,4.5,4.3,4.5,3.4,4.5,3.5,7.1,3,2.9,3.2,3.1,6,5.4,3.4,5,4.6,4.4,4.7,4.7,4.9,4.5,4.6,2.2,6,4.2,3924406
1995:Q1,White,89.1,87.8,88.2,86.6,89.8,91.2,93.9,94.3,95.4,91.3,96.1,96.3,95.4,95.4,80.3,84.6,88.4,83,92.5,85.4,84.7,84.7,85.1,81.4,80.4,95.4,80.2,89.9,76190956
1995:Q1,Black,4.5,5.2,4.9,6,4.2,2.7,1.7,0.8,0.8,0.8,1,1,1.2,1.1,8,8.1,4.5,9.3,1.8,6.4,6.5,6.5,5.9,9.2,11.9,2.1,8,4.2,12700837
1995:Q1,Hispanic,2.1,2.9,2.8,3,1.7,1.5,1,0.5,0.4,0.6,0.1,0.1,0.2,0.5,5.7,1.7,3.8,2.5,1.4,3.9,4.1,4.1,4.1,4.9,2.9,0.7,5.7,1.8,5665081
1995:Q1,Other,4.3,4.2,4.1,4.5,4.3,4.6,3.3,4.4,3.3,7.3,2.8,2.7,3.1,3.1,6,5.5,3.4,5.2,4.3,4.4,4.7,4.7,4.9,4.6,4.8,1.9,6.1,4.2,3903885
1995:Q2,White,89.3,87.9,88.2,87,90,91.1,94,94.1,95.6,90,96.2,96.4,95.6,95.4,80.1,84.6,88.2,83.3,93.1,85.4,84.6,84.6,85,81.3,79.1,96,80,90,76520433
1995:Q2,Black,4.4,5.1,4.9,5.6,4.1,2.6,1.7,0.9,0.8,1,1,0.9,1.2,1.1,8,8.1,4.5,9.2,1.7,6.4,6.6,6.6,6,9.2,12.9,1.8,8,4.1,12694475
1995:Q2,Hispanic,2.1,2.8,2.8,3,1.7,1.5,1,0.5,0.4,0.7,0.1,0,0.2,0.4,5.8,1.7,3.9,2.4,1.2,3.9,4.1,4.1,4.1,4.8,2.9,0.6,5.9,1.7,5622536
1995:Q2,Other,4.2,4.2,4.1,4.4,4.3,4.7,3.2,4.5,3.2,8.3,2.7,2.6,3,3.1,6.1,5.7,3.4,5.1,4,4.3,4.7,4.7,4.9,4.6,5.1,1.6,6.1,4.1,3895834
1995:Q3,White,89.4,87.9,88.1,87.2,90.1,90.9,93.9,94.2,95.7,90.4,96.4,96.6,95.7,95.4,79.9,84.5,88.1,83.5,93.6,85.4,84.5,84.6,84.9,81.2,77.8,96.4,79.7,90.2,76820861
1995:Q3,Black,4.4,5,5,5.4,4,2.6,1.8,0.8,0.8,0.9,0.9,0.9,1.1,1,7.9,8,4.6,9.2,1.5,6.3,6.6,6.6,6,9.4,13.9,1.8,8,4,12668228
1995:Q3,Hispanic,2.1,2.9,2.9,3.1,1.7,1.5,1.1,0.5,0.5,0.8,0.1,0,0.3,0.4,6,1.7,4,2.4,1.1,4,4.1,4.1,4.1,4.8,2.9,0.6,6.1,1.7,5619246
1995:Q3,Other,4.2,4.1,4.1,4.4,4.2,4.9,3.2,4.4,3,7.9,2.6,2.5,2.9,3.1,6.1,5.8,3.4,4.9,3.7,4.4,4.7,4.7,4.9,4.7,5.4,1.2,6.2,4.1,3902099
1995:Q4,White,89.6,87.9,88.1,87.3,90.4,90.8,94.1,95,95.9,93.1,96.4,96.6,95.5,95.4,80.3,84.9,88.1,84,93.4,85.4,84.5,84.5,84.9,81.4,78.3,95.9,80.1,90.4,77089329
1995:Q4,Black,4.3,5.1,5,5.3,3.9,2.7,1.7,0.8,0.8,0.6,1,1,1.2,1.1,8.2,7.6,4.6,8.9,1.5,6.3,6.7,6.7,6.1,9.3,13,1.5,8.2,3.9,12621003
1995:Q4,Hispanic,2.1,2.9,2.8,3.1,1.7,1.7,1.2,0.5,0.5,0.6,0.1,0,0.3,0.5,5.8,1.9,3.8,2.5,1.2,3.9,4.1,4.1,4.1,4.7,3.4,0.7,5.8,1.8,5658283
1995:Q4,Other,4,4.1,4.1,4.3,4,4.7,3.1,3.7,2.8,5.7,2.5,2.4,3.1,3,5.8,5.5,3.5,4.6,3.9,4.3,4.7,4.7,4.9,4.6,5.3,1.9,5.9,3.9,3923785
1996:Q1,White,89.7,87.9,88.1,87.3,90.5,90.8,94.5,95.4,96,93.9,96.5,96.8,95.3,95.4,80.5,85.3,88.1,84.5,93.2,85.5,84.6,84.6,84.9,81.9,79.6,95.1,80.4,90.5,77327942
1996:Q1,Black,4.3,5,4.9,5.4,3.9,2.8,1.5,0.8,0.9,0.6,1,0.9,1.2,1.2,8.4,7.3,4.7,8.6,1.5,6.3,6.6,6.6,6.2,8.8,11.4,1.5,8.4,3.9,12556058
1996:Q1,Hispanic,2.1,2.9,2.8,3.1,1.7,1.9,1.2,0.5,0.5,0.6,0.1,0,0.2,0.6,5.6,2.1,3.6,2.5,1.2,3.9,4.1,4.1,4,4.8,4,0.9,5.6,1.8,5735688
1996:Q1,Other,3.9,4.2,4.1,4.2,3.8,4.5,2.8,3.4,2.6,5,2.5,2.3,3.3,2.9,5.5,5.2,3.7,4.3,4,4.3,4.7,4.7,4.9,4.6,4.9,2.5,5.6,3.8,3959042
1996:Q2,White,89.8,87.9,88,87.5,90.7,90.6,94.4,95.8,96.2,95,96.7,97.1,95,95.3,80.8,85.7,88,84.9,93,85.5,84.7,84.7,84.9,82.1,79.9,94.6,80.7,90.6,77540060
1996:Q2,Black,4.2,5,4.9,5.2,3.8,2.9,1.5,0.7,0.8,0.5,0.8,0.7,1.2,1.3,8.6,6.9,4.6,8.4,1.6,6.3,6.5,6.5,6.2,8.6,10.6,1.3,8.6,3.8,12477735
1996:Q2,Hispanic,2.1,2.9,2.8,3.1,1.8,2,1.3,0.5,0.4,0.5,0,0,0.2,0.6,5.4,2.4,3.5,2.6,1.3,3.9,4.1,4,4,4.8,4.5,1,5.4,1.8,5845739
1996:Q2,Other,3.9,4.2,4.2,4.2,3.7,4.4,2.8,3,2.5,4,2.5,2.3,3.5,2.8,5.2,5,3.8,4.1,4.1,4.2,4.8,4.7,4.9,4.5,4.9,3.1,5.3,3.7,4005282
1996:Q3,White,89.8,87.8,87.9,87.6,90.7,90.5,94.5,95.9,96.4,94.6,96.9,97.4,94.8,95.3,81.2,86,88,85.4,92.8,85.5,84.7,84.7,84.9,82.3,80.4,94.1,81,90.6,77729042
1996:Q3,Black,4.2,5,4.9,5.1,3.8,3,1.4,0.8,0.8,0.7,0.6,0.4,1.3,1.3,8.7,6.6,4.6,8.1,1.6,6.3,6.5,6.5,6.1,8.4,9.7,1.1,8.7,3.8,12390380
1996:Q3,Hispanic,2.2,3,2.9,3.1,1.8,2.2,1.4,0.4,0.4,0.5,0,0,0.2,0.7,5.2,2.6,3.3,2.7,1.4,3.9,4.1,4,4,4.8,5.1,1,5.3,1.9,5982716
1996:Q3,Other,3.8,4.2,4.3,4.1,3.7,4.3,2.7,2.9,2.3,4.2,2.5,2.2,3.8,2.7,4.9,4.8,4,3.8,4.3,4.2,4.8,4.8,5,4.5,4.8,3.8,5,3.7,4059916
1996:Q4,White,89.8,87.8,87.9,87.5,90.8,90.3,94.6,96,96.6,94.8,96.7,97.2,94.5,95.2,81.5,86.5,87.8,85.8,92.6,85.5,84.7,84.7,84.9,82.4,81.4,93.5,81.2,90.7,77898247
1996:Q4,Black,4.1,4.9,4.8,5.2,3.8,3,1.3,0.8,0.8,0.8,0.9,0.8,1.3,1.4,8.9,6,5,7.9,1.6,6.3,6.4,6.4,6.2,8.3,8.4,1,8.9,3.7,12298338
1996:Q4,Hispanic,2.3,3,3,3.2,1.9,2.4,1.5,0.4,0.4,0.4,0,0,0.2,0.7,5,2.9,3.1,2.8,1.5,4,4.1,4.1,4,4.9,5.8,1.2,5.1,2,6140899
1996:Q4,Other,3.8,4.2,4.3,4.1,3.6,4.2,2.5,2.7,2.2,4,2.4,2,4,2.7,4.6,4.6,4.1,3.6,4.4,4.2,4.8,4.8,5,4.5,4.5,4.4,4.8,3.6,4120355
1997:Q1,White,89.8,87.8,87.9,87.4,90.8,90.2,94.9,95.6,96.7,92.6,97,97.6,94.1,95.1,81.8,86.8,87.8,86.2,92.3,85.5,84.8,84.8,84.9,82.8,81.4,92.9,81.5,90.6,78051035
1997:Q1,Black,4.1,4.8,4.7,5.2,3.7,3.1,1.2,1,0.9,1.4,0.6,0.4,1.3,1.5,9,5.7,4.9,7.6,1.6,6.3,6.2,6.2,6.1,7.7,7.8,0.8,9,3.7,12205952
1997:Q1,Hispanic,2.3,3.1,3,3.2,2,2.6,1.6,0.4,0.4,0.4,0,0,0.2,0.8,4.9,3.2,3,2.9,1.6,4,4.1,4.1,4,5.1,6.3,1.3,5,2.1,6314569
1997:Q1,Other,3.8,4.3,4.3,4.1,3.5,4.1,2.4,3,2,5.5,2.4,2,4.3,2.6,4.3,4.3,4.3,3.3,4.5,4.2,4.9,4.9,5.1,4.4,4.5,5,4.5,3.6,4184011
1997:Q2,White,89.9,87.7,87.8,87.6,90.9,90,94.7,95.9,96.9,93.6,97.1,97.7,93.8,95.2,82.1,86.9,87.6,86.6,92.1,85.5,84.8,84.8,84.9,83,81.6,92.3,81.8,90.8,78190765
1997:Q2,Black,4,4.8,4.7,5,3.6,3.2,1.2,1,0.9,1.3,0.6,0.4,1.4,1.4,9.1,5.6,5.2,7.4,1.6,6.3,6.2,6.1,6.1,7.4,7,0.8,9.1,3.7,12117568
1997:Q2,Hispanic,2.4,3.2,3.1,3.3,2,2.8,1.8,0.4,0.4,0.4,0,0,0.2,0.8,4.7,3.4,2.8,3,1.7,4,4.1,4.1,4,5.1,6.8,1.4,4.9,2.1,6498004
1997:Q2,Other,3.7,4.3,4.4,4.1,3.4,4,2.3,2.6,1.8,4.7,2.4,1.9,4.6,2.6,4.1,4.1,4.4,3.1,4.6,4.2,4.9,5,5.1,4.4,4.5,5.5,4.3,3.5,4248294
1997:Q3,White,90,87.7,87.7,87.7,91,89.9,94.8,96.3,97,94.7,97.3,98.1,93.5,95.2,82.4,87,87.4,86.9,91.8,85.5,84.7,84.7,84.8,83.1,82.8,91.8,82,90.8,78320797
1997:Q3,Black,3.9,4.7,4.7,4.9,3.6,3.2,1.1,1,0.9,1.3,0.4,0.2,1.4,1.4,9.2,5.5,5.4,7.2,1.7,6.3,6.1,6.1,6.1,7.3,5.6,0.8,9.3,3.6,12037529
1997:Q3,Hispanic,2.4,3.2,3.2,3.4,2.1,3,1.9,0.4,0.4,0.3,0,0,0.1,0.9,4.6,3.7,2.7,3.1,1.8,4.1,4.2,4.2,4,5.2,7.6,1.6,4.7,2.2,6685485
1997:Q3,Other,3.6,4.3,4.4,4,3.3,3.9,2.2,2.3,1.6,3.8,2.3,1.8,4.9,2.5,3.8,3.8,4.5,2.8,4.7,4.1,5,5,5.1,4.4,4,5.8,4,3.4,4310616
1997:Q4,White,90,87.7,87.7,87.5,91.1,89.7,95,96.4,97.2,94.5,97.3,98.1,93.2,95.1,82.6,87.3,87.4,87.3,91.6,85.5,84.8,84.8,84.9,83.2,82.5,91.2,82.3,90.9,78444489
1997:Q4,Black,3.9,4.7,4.6,5.1,3.5,3.2,1,1,0.9,1.4,0.4,0.2,1.5,1.5,9.4,5.1,5.3,7,1.7,6.3,6,6,6,7.2,5.3,0.7,9.4,3.5,11970180
1997:Q4,Hispanic,2.5,3.3,3.3,3.4,2.1,3.3,2,0.4,0.4,0.3,0,0,0.1,0.9,4.4,4,2.6,3.2,1.9,4.1,4.2,4.2,3.9,5.3,8.1,1.7,4.5,2.2,6871291
1997:Q4,Other,3.6,4.3,4.4,4,3.2,3.8,2.1,2.1,1.5,3.8,2.2,1.6,5.3,2.5,3.6,3.6,4.7,2.6,4.8,4.1,5,5,5.2,4.4,4.1,6.4,3.7,3.3,4368388
1998:Q1,White,90.2,87.6,87.7,87.6,91.3,89.5,95.3,97,97.4,96,97.3,98.2,92.7,95.2,82.9,87.3,87.3,87.6,91.4,85.5,84.9,84.9,85,83.6,82.6,90.7,82.6,91,78565202
1998:Q1,Black,3.8,4.6,4.5,5,3.5,3.3,0.9,1,0.9,1.2,0.6,0.4,1.5,1.4,9.5,5,5.5,6.8,1.7,6.3,5.8,5.8,5.9,6.7,4.7,0.6,9.6,3.5,11919865
1998:Q1,Hispanic,2.5,3.4,3.3,3.5,2.2,3.5,2,0.4,0.4,0.2,0,0,0.1,0.9,4.3,4.2,2.5,3.3,2,4.1,4.2,4.2,3.9,5.4,8.6,1.8,4.4,2.3,7049702
1998:Q1,Other,3.5,4.4,4.5,4,3.1,3.7,1.9,1.7,1.3,2.5,2.1,1.4,5.7,2.5,3.3,3.4,4.7,2.3,5,4.1,5.1,5.1,5.2,4.3,4.1,6.9,3.4,3.3,4419021
1998:Q2,White,90.2,87.6,87.6,87.6,91.3,89.4,95.3,97.7,97.5,97.9,97.5,98.4,92.3,95.1,83.2,87.5,87.3,87.6,91.2,85.5,84.8,84.9,84.9,83.6,83,90.2,83,91,78686294
1998:Q2,Black,3.8,4.6,4.5,5,3.4,3.4,0.8,0.9,0.9,0.9,0.5,0.4,1.6,1.4,9.7,4.9,5.5,6.6,1.7,6.3,5.8,5.8,6,6.7,3.9,0.5,9.7,3.4,11890929
1998:Q2,Hispanic,2.6,3.4,3.4,3.5,2.2,3.7,2.1,0.3,0.4,0.2,0,0,0,1,4.1,4.5,2.4,3.4,2,4.2,4.2,4.2,3.9,5.5,9.3,2,4.2,2.3,7214998
1998:Q2,Other,3.5,4.4,4.5,3.9,3.1,3.6,1.8,1.1,1.1,1,2,1.3,6.1,2.5,3,3.2,4.9,2.4,5,4.1,5.1,5.1,5.2,4.3,3.8,7.3,3.1,3.2,4459928
1998:Q3,White,90.1,87.6,87.5,87.9,91.2,89.2,95.6,97.8,97.7,97.8,97.3,98.2,91.9,94.9,83.4,87.7,87.4,87.7,91,85.5,84.8,84.8,84.8,83.7,83.1,89.7,83.3,90.9,78811126
1998:Q3,Black,3.8,4.5,4.4,4.7,3.4,3.5,0.7,1,0.9,1.1,0.8,0.7,1.7,1.6,9.9,4.6,5,6.5,1.7,6.4,5.8,5.8,6,6.6,3.4,0.4,9.9,3.4,11887716
1998:Q3,Hispanic,2.7,3.5,3.5,3.6,2.3,3.9,2.1,0.3,0.4,0.1,0,0,0,1.1,3.9,4.8,2.3,3.5,2.1,4.2,4.2,4.2,3.9,5.5,9.8,2,4,2.5,7361459
1998:Q3,Other,3.5,4.4,4.5,3.8,3,3.4,1.6,1,1,1,1.8,1.1,6.5,2.4,2.8,2.9,5.3,2.3,5.1,4,5.1,5.1,5.2,4.3,3.7,7.9,2.8,3.2,4488517
1998:Q4,White,90.2,87.6,87.6,87.6,91.3,89.5,95.8,97.4,97.7,96.5,97.7,98.6,92.1,95.2,83.7,87.3,87.3,87.5,91.2,85.6,84.7,84.7,84.8,83.2,83,90.3,83.5,91,78942165
1998:Q4,Black,3.7,4.5,4.4,5,3.4,3.4,0.7,1.1,0.9,1.4,0.5,0.4,1.5,1.4,9.6,4.9,5.5,6.5,1.7,6.2,6,6,6.1,6.9,3.8,0.5,9.7,3.4,11913398
1998:Q4,Hispanic,2.6,3.6,3.5,3.6,2.3,3.7,1.9,0.3,0.4,0.2,0,0,0,1,3.9,4.7,2.3,3.5,2.1,4.2,4.3,4.3,4,5.6,9.1,1.9,4,2.4,7484960
1998:Q4,Other,3.4,4.3,4.5,3.8,3.1,3.4,1.7,1.2,1,1.8,1.7,1,6.4,2.4,2.8,3,4.9,2.5,5.1,4,5.1,5.1,5.1,4.3,4.2,7.3,2.8,3.2,4503098
1999:Q1,White,90.2,87.7,87.6,87.7,91.3,89.5,95.9,97.7,97.7,97.8,98.1,99,92.4,95.2,83.9,87.1,87.4,87.3,91.3,85.8,84.6,84.6,84.7,82.8,83.3,91,83.6,91.1,79078319
1999:Q1,Black,3.7,4.5,4.4,5,3.4,3.4,0.7,1,0.9,1.2,0.3,0.1,1.4,1.3,9.5,5.1,5.5,6.6,1.5,6,6.1,6,6.1,7.1,3.9,0.7,9.6,3.4,11966454
1999:Q1,Hispanic,2.6,3.6,3.6,3.6,2.2,3.6,1.7,0.3,0.4,0.2,0,0,0,1,3.8,4.7,2.4,3.5,2,4.2,4.4,4.4,4.1,5.7,8.4,1.7,3.9,2.4,7587758
1999:Q1,Other,3.4,4.2,4.4,3.7,3.1,3.4,1.7,0.9,1,0.8,1.6,0.9,6.2,2.5,2.8,3.1,4.7,2.5,5.1,4.1,5,5,5,4.4,4.4,6.6,2.8,3.2,4505558
1999:Q2,White,90.3,87.7,87.7,87.5,91.4,89.6,95.8,97.6,97.7,97.4,98.3,99.2,92.6,95.3,84.1,86.8,87.4,87.2,91.5,85.9,84.5,84.5,84.6,82.4,83.4,91.7,83.8,91.2,79217606
1999:Q2,Black,3.7,4.6,4.4,5.2,3.4,3.4,0.8,1,0.9,1.3,0.2,0,1.2,1.2,9.3,5.4,5.6,6.7,1.5,5.9,6.2,6.2,6.2,7.4,4.2,1,9.5,3.3,12044190
1999:Q2,Hispanic,2.6,3.5,3.5,3.6,2.2,3.5,1.6,0.3,0.4,0.3,0,0,0,0.9,3.7,4.6,2.5,3.5,1.9,4.1,4.5,4.5,4.2,5.8,7.7,1.6,3.9,2.3,7673707
1999:Q2,Other,3.4,4.2,4.4,3.6,3.1,3.5,1.8,1,1,1,1.6,0.8,6.1,2.5,2.8,3.1,4.6,2.6,5.1,4.1,4.9,4.9,4.9,4.5,4.7,5.6,2.8,3.2,4498682
1999:Q3,White,90.2,87.7,87.8,87.6,91.4,89.7,95.9,97.6,97.7,97.3,98.4,99.3,92.9,95.4,84.3,86.7,87.5,87,91.7,86,84.3,84.3,84.5,81.9,84,92.3,84,91.2,79358043
1999:Q3,Black,3.8,4.6,4.4,5.3,3.4,3.4,0.8,1.1,0.9,1.4,0.2,0,1.1,1.2,9.3,5.4,5.4,6.8,1.5,5.8,6.4,6.4,6.3,7.8,4.1,1.2,9.4,3.3,12143913
1999:Q3,Hispanic,2.6,3.5,3.5,3.6,2.2,3.4,1.4,0.4,0.4,0.3,0,0,0,1,3.7,4.6,2.6,3.5,1.9,4.1,4.5,4.5,4.3,5.8,7.1,1.5,3.8,2.3,7746660
1999:Q3,Other,3.4,4.1,4.3,3.5,3.1,3.5,1.9,1,1,1,1.5,0.7,6,2.5,2.8,3.2,4.5,2.7,5,4.1,4.7,4.8,4.8,4.5,4.8,5,2.8,3.2,4485254
1999:Q4,White,90.4,87.8,87.8,87.5,91.5,90,96.2,96.8,97.7,92.6,98.2,99,93.1,95.5,84.6,86.3,87.4,86.9,91.9,85.7,84.4,84.4,84.7,81.5,84.3,92.9,84.1,91.3,79497647
1999:Q4,Black,3.7,4.6,4.4,5.5,3.3,3.4,0.7,1.2,0.9,2.6,0.4,0.3,1,1.1,9,5.9,5.7,7,1.4,6.4,6.5,6.5,6.3,8.2,4.3,1.6,9.4,3.3,12262930
1999:Q4,Hispanic,2.5,3.6,3.5,3.6,2.1,3.2,1.2,0.4,0.4,0.4,0,0,0,0.9,3.6,4.5,2.6,3.4,1.8,4,4.5,4.5,4.3,5.7,6.4,1.5,3.7,2.2,7810469
1999:Q4,Other,3.4,4,4.2,3.4,3.1,3.4,1.9,1.6,1,4.4,1.4,0.7,5.9,2.5,2.8,3.3,4.3,2.8,4.9,3.9,4.6,4.6,4.7,4.5,5,4,2.9,3.2,4468058
2000:Q1,White,90.4,87.8,87.9,87.4,91.5,90.2,96.3,96.7,97.7,91.5,98.4,99.2,93.2,95.6,84.7,86.1,87.4,86.7,92,85.7,84.6,84.6,84.9,81.3,84.5,93.3,84.3,91.3,79634434
2000:Q1,Black,3.7,4.6,4.4,5.7,3.4,3.4,0.7,1.3,1,2.9,0.3,0.2,0.8,1,9,6.2,5.8,7.1,1.3,6.4,6.5,6.5,6.2,8.5,4.6,1.9,9.2,3.3,12398546
2000:Q1,Hispanic,2.5,3.5,3.5,3.6,2,3,1.1,0.4,0.4,0.5,0,0,0,0.8,3.5,4.4,2.6,3.4,1.7,4,4.4,4.4,4.3,5.7,5.7,1.5,3.7,2.2,7868987
2000:Q1,Other,3.4,4,4.2,3.3,3.1,3.4,1.9,1.6,1,5.1,1.3,0.6,6,2.5,2.8,3.3,4.2,2.8,4.9,3.9,4.5,4.5,4.6,4.6,5.3,3.3,2.8,3.2,4449880
2000:Q2,White,90.3,87.9,88,87.3,91.5,90.3,96.2,96.8,97.7,92.9,98.6,99.5,93.2,95.6,84.8,85.9,87.5,86.5,92.2,85.8,84.5,84.5,84.9,80.8,84.9,93.8,84.4,91.3,79766422
2000:Q2,Black,3.8,4.7,4.4,5.9,3.4,3.4,0.8,1.3,1,2.7,0.1,0,0.7,1,8.9,6.4,5.7,7.2,1.3,6.4,6.7,6.7,6.3,9,4.7,1.9,9.2,3.4,12548068
2000:Q2,Hispanic,2.5,3.5,3.4,3.6,2,2.9,1,0.4,0.4,0.5,0,0,0,0.9,3.4,4.4,2.7,3.4,1.7,3.9,4.4,4.4,4.3,5.6,5,1.3,3.6,2.2,7926068
2000:Q2,Other,3.4,4,4.2,3.2,3.1,3.4,2,1.5,0.9,4,1.3,0.5,6.1,2.5,2.8,3.3,4.1,2.9,4.8,3.9,4.4,4.4,4.5,4.6,5.4,2.9,2.8,3.2,4433504
2000:Q3,White,90.3,87.9,88.1,87.4,91.4,90.4,96.3,96.9,97.7,93.6,98.7,99.6,93.2,95.7,84.9,85.7,87.5,86.4,92.3,85.9,84.4,84.4,84.9,80.3,85.5,94.3,84.6,91.3,79891628
2000:Q3,Black,3.8,4.7,4.4,5.9,3.5,3.4,0.8,1.3,1,2.5,0.1,0,0.5,1,8.9,6.6,5.7,7.3,1.3,6.4,6.9,6.9,6.3,9.6,4.7,2.1,9.1,3.4,12708803
2000:Q3,Hispanic,2.5,3.4,3.4,3.7,2,2.7,0.9,0.4,0.4,0.5,0,0,0,0.9,3.4,4.3,2.8,3.4,1.6,3.9,4.4,4.4,4.4,5.5,4.3,1.2,3.5,2.1,7985565
2000:Q3,Other,3.4,4,4.2,3.1,3.1,3.4,2,1.4,0.9,3.4,1.2,0.4,6.2,2.5,2.8,3.4,4,2.9,4.7,3.9,4.3,4.3,4.4,4.6,5.5,2.4,2.8,3.2,4421713
2000:Q4,White,90.2,87.9,88.1,87.1,91.4,90.6,96.4,97.1,97.7,94.9,98.5,99.2,93.2,95.6,85,85.5,87.6,86.2,92.4,85.9,84.1,84.1,84.8,79.7,85.5,95.1,84.6,91.3,80008070
2000:Q4,Black,3.9,4.8,4.4,6.2,3.5,3.4,0.8,1.2,1,2.2,0.3,0.3,0.4,1,8.9,6.7,5.5,7.5,1.3,6.3,7.1,7.1,6.4,10.2,5.1,2,9.1,3.4,12878056
2000:Q4,Hispanic,2.5,3.4,3.3,3.6,2,2.6,0.8,0.4,0.4,0.5,0,0,0,0.9,3.3,4.3,2.9,3.3,1.6,3.9,4.5,4.5,4.4,5.5,3.6,0.8,3.4,2.1,8051329
2000:Q4,Other,3.4,3.9,4.2,3.1,3.1,3.4,2,1.2,1,2.4,1.2,0.4,6.4,2.5,2.8,3.4,4,3,4.7,3.9,4.3,4.3,4.3,4.7,5.9,2.2,2.8,3.2,4417293
2001:Q1,White,90.1,87.9,88.1,87,91.3,90.9,96.6,97.4,97.7,96.8,98.8,99.6,93.4,95.6,85.1,85.3,87.9,86,92.5,86,83.9,83.9,84.8,79.3,86.3,95.9,84.8,91.2,80113763
2001:Q1,Black,4,4.8,4.4,6.4,3.6,3.3,0.7,1.2,1,1.8,0,0,0.3,1,8.8,6.8,5.2,7.6,1.3,6.3,7.3,7.3,6.5,10.5,4.9,1.9,9,3.4,13053135
2001:Q1,Hispanic,2.5,3.3,3.2,3.6,2,2.4,0.7,0.4,0.4,0.5,0,0,0,0.9,3.3,4.3,3,3.3,1.5,3.9,4.5,4.5,4.5,5.5,2.9,0.3,3.4,2.1,8127216
2001:Q1,Other,3.4,4,4.2,3,3.1,3.3,1.9,0.9,0.9,1,1.1,0.4,6.3,2.4,2.8,3.5,4,3.1,4.7,3.9,4.2,4.2,4.2,4.7,5.9,1.8,2.8,3.2,4423028
2001:Q2,White,90.1,88,88.2,86.9,91.3,91.1,96.6,97.5,97.6,97,98.9,99.7,93.6,95.7,85.2,85.1,87.8,85.7,92.6,85.9,83.6,83.6,84.4,78.8,86.9,96.4,85,91.2,80206726
2001:Q2,Black,4,4.9,4.5,6.5,3.6,3.3,0.8,1.2,1.1,1.7,0,0,0.2,1,8.8,7.1,5.3,7.9,1.3,6.4,7.5,7.5,6.8,10.8,4.9,2.1,8.9,3.5,13231346
2001:Q2,Hispanic,2.4,3.3,3.2,3.7,2,2.3,0.6,0.5,0.4,0.5,0,0,0,0.9,3.2,4.3,3.1,3.3,1.5,3.9,4.7,4.7,4.7,5.7,2.2,0.2,3.3,2.1,8217076
2001:Q2,Other,3.4,3.9,4.2,3,3.1,3.4,2,0.8,0.9,0.7,1.1,0.3,6.3,2.5,2.8,3.5,3.9,3.1,4.6,3.9,4.2,4.2,4.2,4.8,6,1.2,2.8,3.3,4441702
2001:Q3,White,90,88,88.3,86.9,91.1,91.2,96.6,97.6,97.6,97.4,98.4,99.1,93.7,95.6,85.2,84.8,88,85.4,92.7,85.8,83.6,83.5,84.4,78.3,86.7,96.2,85,91.2,80284975
2001:Q3,Black,4.1,4.9,4.5,6.5,3.7,3.3,0.8,1.2,1,1.7,0.5,0.6,0.1,1,8.8,7.3,4.9,8.1,1.2,6.5,7.6,7.6,6.8,11.2,5.4,2.6,8.9,3.5,13409996
2001:Q3,Hispanic,2.4,3.2,3.1,3.7,2,2.1,0.6,0.4,0.4,0.5,0,0,0,0.9,3.2,4.3,3.2,3.2,1.5,3.8,4.7,4.7,4.7,5.6,1.5,0.5,3.2,2,8324764
2001:Q3,Other,3.4,3.9,4.1,2.9,3.1,3.4,2,0.8,0.9,0.4,1,0.3,6.2,2.4,2.8,3.6,3.9,3.2,4.6,3.9,4.1,4.1,4.1,4.9,6.4,0.7,2.9,3.3,4476100
2001:Q4,White,90,87.8,88.1,86.7,91.1,91.2,96.7,97.4,97.5,97.1,98.9,99.6,94.2,95.6,85.1,84.7,87.8,85.3,92.7,85.6,82.9,82.9,83.7,78,88.3,96.9,85,91.2,80347457
2001:Q4,Black,4.2,5,4.6,6.5,3.8,3.3,0.8,1.3,1.1,1.7,0.1,0.1,0.1,1,8.7,7.6,5.2,8.3,1.3,6.5,7.9,7.9,7,11.4,4.4,2.2,8.8,3.6,13586407
2001:Q4,Hispanic,2.4,3.3,3.2,3.8,2,2.1,0.6,0.5,0.5,0.6,0,0,0,0.9,3.2,4.3,3.1,3.2,1.5,3.9,4.9,4.9,5,5.8,1.7,0.1,3.3,2,8452762
2001:Q4,Other,3.4,3.9,4.1,3,3.1,3.3,1.9,0.8,0.9,0.7,1,0.3,5.7,2.4,2.9,3.5,3.8,3.2,4.5,3.9,4.2,4.2,4.3,4.8,5.6,0.8,3,3.2,4528625
2002:Q1,White,89.8,87.6,87.9,86.4,91,91.3,96.6,97.2,97.5,96.4,99.1,99.7,94.8,95.6,85.1,84.6,87.7,85.2,92.6,85.5,82.9,82.9,83.7,78,89.1,97,84.9,91,80396828
2002:Q1,Black,4.3,5,4.7,6.5,3.9,3.3,0.9,1.3,1.1,1.8,0,0,0.1,1,8.7,7.8,5.5,8.4,1.4,6.5,7.8,7.8,6.9,11.4,4,2.1,8.7,3.7,13757976
2002:Q1,Hispanic,2.5,3.4,3.2,4,2,2.1,0.6,0.6,0.5,0.7,0,0,0,0.9,3.3,4.2,3,3.2,1.5,4,4.9,4.9,5,5.8,1.8,0,3.4,2.1,8598067
2002:Q1,Other,3.4,4,4.2,3.1,3.1,3.3,1.9,1,0.9,1.1,0.9,0.3,5.2,2.4,3,3.4,3.8,3.1,4.4,4,4.4,4.4,4.4,4.8,5.1,0.9,3,3.2,4600158
2002:Q2,White,89.6,87.3,87.6,86.1,90.9,91.2,96.5,97.4,97.4,97.5,99.2,99.8,95.2,95.5,85,84.5,87.9,85.1,92.6,85.3,82.7,82.7,83.5,77.9,90.2,97.2,84.8,90.8,80436678
2002:Q2,Black,4.4,5.1,4.8,6.6,4,3.4,1,1.2,1.1,1.4,0,0,0.1,1.1,8.6,8,5.3,8.6,1.5,6.6,7.8,7.8,6.8,11.6,3.3,1.8,8.6,3.8,13922117
2002:Q2,Hispanic,2.6,3.5,3.3,4.1,2,2.1,0.7,0.6,0.6,0.7,0,0,0,1,3.4,4.2,2.9,3.2,1.6,4.1,5,5,5,5.8,2,0,3.4,2.1,8756307
2002:Q2,Other,3.4,4,4.2,3.2,3,3.3,1.9,0.7,0.9,0.4,0.8,0.2,4.7,2.4,3.1,3.3,3.9,3.1,4.3,4,4.5,4.5,4.6,4.8,4.5,1,3.1,3.2,4691200
2002:Q3,White,89.3,87.1,87.3,86,90.6,91.2,96.3,97.6,97.3,98,99.2,99.8,95.8,95.4,84.8,84.4,88.1,85,92.5,85,82.4,82.4,83.1,77.7,90.7,97.4,84.6,90.6,80470594
2002:Q3,Black,4.6,5.2,4.9,6.4,4.2,3.4,1.1,1.2,1.2,1.2,0,0,0.1,1.3,8.6,8.2,5,8.7,1.7,6.6,7.8,7.8,6.9,11.6,3,1.5,8.6,4,14076240
2002:Q3,Hispanic,2.7,3.6,3.5,4.4,2.1,2.1,0.7,0.7,0.6,0.8,0,0,0,1.1,3.4,4.2,2.9,3.2,1.6,4.2,5.2,5.2,5.2,5.9,2.1,0,3.5,2.2,8923108
2002:Q3,Other,3.4,4.1,4.3,3.2,3,3.3,1.9,0.6,0.9,0,0.7,0.2,4.2,2.3,3.2,3.2,3.9,3.1,4.2,4.1,4.7,4.7,4.8,4.8,4.2,1.1,3.2,3.2,4802250
2002:Q4,White,89.2,86.8,87,85.9,90.6,91.2,96.4,97.7,97.2,98.3,99.3,99.9,96.3,95.3,84.7,84.2,87.9,84.8,92.5,84.7,82,82,82.7,77.5,91.4,97.4,84.5,90.6,80502162
2002:Q4,Black,4.6,5.2,5,6.2,4.3,3.4,1.1,1.1,1.2,0.9,0,0,0.1,1.3,8.6,8.6,5.3,8.9,1.7,6.8,7.9,7.9,6.9,11.7,2.6,1.4,8.5,4,14217761
2002:Q4,Hispanic,2.7,3.8,3.6,4.6,2.1,2.1,0.7,0.7,0.7,0.8,0,0,0,1.1,3.5,4.1,2.8,3.2,1.6,4.3,5.3,5.3,5.4,6,2.2,0,3.6,2.2,9094098
2002:Q4,Other,3.4,4.2,4.4,3.3,3,3.4,1.8,0.5,0.9,0,0.7,0.1,3.7,2.3,3.3,3.1,3.9,3.1,4.1,4.2,4.8,4.8,5,4.8,3.8,1.2,3.4,3.2,4933810
2003:Q1,White,88.9,86.6,86.8,85.6,90.4,91.2,96.2,97.5,97.1,98,99.4,99.9,96.7,95.2,84.6,84,87.9,84.7,92.4,84.5,81.7,81.7,82.3,77.4,91.7,97.3,84.2,90.3,80534970
2003:Q1,Black,4.7,5.3,5,6.2,4.4,3.3,1.2,1.2,1.2,1.1,0,0,0.1,1.4,8.5,8.8,5.4,9,1.9,6.8,7.8,7.8,6.9,11.6,2.4,1.4,8.6,4.1,14344092
2003:Q1,Hispanic,2.8,3.9,3.7,4.7,2.1,2.1,0.8,0.8,0.7,0.9,0,0,0,1.1,3.6,4.1,2.7,3.2,1.7,4.5,5.4,5.4,5.5,6.1,2.4,0,3.6,2.3,9264904
2003:Q1,Other,3.5,4.3,4.5,3.5,3,3.4,1.8,0.5,0.9,0,0.6,0.1,3.2,2.3,3.4,3.1,4,3.1,4,4.3,5,5,5.3,4.9,3.5,1.3,3.5,3.2,5086378
2003:Q2,White,88.9,86.3,86.5,85.3,90.4,91.2,96.1,97.2,97,97.4,99.1,99.4,97.2,95.2,84.4,83.8,87.5,84.6,92.3,84.3,81.5,81.5,81.9,77.2,91.8,96.1,84.1,90.3,80572605
2003:Q2,Black,4.8,5.3,5.1,6.2,4.4,3.3,1.3,1.2,1.3,1.2,0.2,0.2,0.1,1.4,8.4,9.2,5.9,9.1,2,6.8,7.8,7.8,6.9,11.6,2.4,1.9,8.6,4.2,14452645
2003:Q2,Hispanic,2.8,4,3.8,4.9,2.1,2,0.8,0.9,0.7,1,0.1,0.1,0,1.1,3.6,4,2.6,3.2,1.8,4.6,5.5,5.5,5.7,6.2,2.4,0.6,3.7,2.3,9431154
2003:Q2,Other,3.6,4.4,4.6,3.6,3,3.5,1.8,0.7,0.9,0.4,0.6,0.3,2.7,2.4,3.5,3,4,3.1,4,4.4,5.2,5.2,5.5,5,3.4,1.3,3.7,3.2,5260456
2003:Q3,White,88.7,86,86.2,85.2,90.3,91,95.9,96.6,97,95.9,99.3,99.5,97.6,95.1,84.3,83.6,87.3,84.5,92.2,84,81.2,81.2,81.6,77,92.4,96.4,84,90.2,80618654
2003:Q3,Black,4.8,5.3,5.2,6,4.5,3.4,1.4,1.4,1.3,1.5,0.1,0.2,0,1.4,8.3,9.4,6.1,9.2,2.1,6.9,7.7,7.7,6.9,11.7,2,1.6,8.4,4.2,14540834
2003:Q3,Hispanic,2.9,4.1,3.9,5.1,2.1,2,0.9,0.9,0.8,1.1,0.1,0.1,0,1.1,3.7,4,2.5,3.2,1.8,4.6,5.6,5.6,5.7,6.2,2.6,0.4,3.7,2.3,9588473
2003:Q3,Other,3.6,4.6,4.8,3.8,3.1,3.5,1.8,1.2,1,1.5,0.5,0.3,2.4,2.4,3.7,3,4.1,3.1,3.9,4.5,5.4,5.4,5.8,5.1,3.1,1.5,3.8,3.3,5456543
2003:Q4,White,88.6,85.7,85.8,85,90.3,91,95.8,96.7,96.9,96.3,99.5,99.7,98.1,95,84.2,83.4,87,84.4,92.1,83.7,80.8,80.8,81.2,76.8,90.9,97.1,83.9,90.1,80676705
2003:Q4,Black,4.8,5.3,5.2,5.8,4.5,3.4,1.5,1.3,1.3,1.3,0,0,0,1.4,8.2,9.7,6.4,9.3,2.2,6.9,7.7,7.7,6.9,11.7,3,1.1,8.3,4.2,14606072
2003:Q4,Hispanic,2.9,4.2,4,5.3,2.1,2,0.9,0.9,0.8,1.2,0.1,0.1,0,1.1,3.7,3.9,2.4,3.2,1.9,4.7,5.7,5.7,5.9,6.3,2.5,0,3.8,2.3,9732491
2003:Q4,Other,3.7,4.8,4.9,3.9,3.1,3.6,1.8,1.1,1,1.2,0.4,0.2,1.9,2.5,3.9,2.9,4.2,3.1,3.8,4.7,5.7,5.7,6.1,5.2,3.6,1.8,4,3.3,5675140
2004:Q1,White,88.5,85.3,85.5,84.7,90.4,91,95.7,96.7,96.8,96.3,99.4,99.5,98.7,94.9,84,83.3,86.9,84.3,91.9,83.5,80.6,80.6,80.9,76.7,91.2,96.9,83.8,90,80750345
2004:Q1,Black,4.8,5.3,5.3,5.8,4.5,3.3,1.5,1.2,1.1,1.3,0.1,0.2,0,1.4,8.1,10,6.5,9.4,2.4,6.8,7.6,7.6,6.8,11.6,2.8,1,8.1,4.2,14645773
2004:Q1,Hispanic,2.9,4.3,4.1,5.4,2.1,2,1,0.9,0.7,1.2,0.1,0.1,0,1.1,3.8,3.8,2.3,3.2,1.9,4.8,5.8,5.8,5.9,6.4,2.6,0.1,3.9,2.3,9858832
2004:Q1,Other,3.8,5,5.2,4.1,3.1,3.7,1.8,1.3,1.3,1.2,0.4,0.2,1.3,2.6,4.1,2.9,4.3,3.2,3.8,4.9,6,6,6.4,5.3,3.4,1.9,4.2,3.4,5916747
2004:Q2,White,88.3,85,85.1,84.7,90.2,90.9,95.5,96.4,96.7,95.3,99.1,99.1,99.3,94.8,83.9,83.2,86.8,84.3,91.8,83.3,80.4,80.4,80.5,76.7,91.4,96.6,83.6,89.8,80843162
2004:Q2,Black,4.8,5.3,5.3,5.5,4.5,3.3,1.6,1.2,1.2,1.4,0.4,0.5,0.1,1.5,8,10.1,6.6,9.2,2.5,6.8,7.5,7.5,6.7,11.5,2.6,1,8,4.3,14657348
2004:Q2,Hispanic,3,4.5,4.3,5.6,2.1,2,1,0.9,0.8,1.3,0.1,0.2,0,1.1,3.8,3.8,2.2,3.1,2,4.9,5.8,5.9,6,6.4,2.7,0.3,3.9,2.4,9963125
2004:Q2,Other,3.9,5.2,5.4,4.3,3.2,3.8,1.9,1.5,1.3,1.9,0.3,0.3,0.7,2.6,4.3,2.9,4.4,3.3,3.7,5.1,6.3,6.3,6.7,5.4,3.3,2,4.5,3.5,6181864
2004:Q3,White,88.1,84.7,84.8,84.4,90.2,90.8,95.4,96.4,96.7,95.7,99.4,99.4,99.9,94.8,83.8,83.1,86.8,84.3,91.6,83.1,80,80,80.1,76.5,92.4,96.6,83.5,89.7,80958741
2004:Q3,Black,4.8,5.3,5.3,5.4,4.5,3.3,1.7,1.2,1.1,1.3,0.2,0.3,0.1,1.5,7.9,10.3,6.6,9.1,2.6,6.8,7.5,7.5,6.7,11.5,2,0.9,7.9,4.3,14638211
2004:Q3,Hispanic,3,4.6,4.4,5.7,2.1,2,1.1,0.9,0.8,1.4,0.1,0.2,0,1.1,3.9,3.7,2.1,3.1,2.1,4.9,5.9,5.9,6.1,6.4,2.8,0.3,3.9,2.5,10040997
2004:Q3,Other,4.1,5.4,5.6,4.5,3.2,4,1.9,1.5,1.4,1.7,0.2,0.2,0,2.6,4.5,2.9,4.5,3.5,3.7,5.3,6.6,6.6,7.1,5.6,2.8,2.3,4.7,3.6,6470991
2004:Q4,White,87.9,84.3,84.3,84.1,90,90.5,95.2,96,96.6,93.4,98.6,98.4,99.7,94.7,83.8,83,86.5,84.2,91.1,82.6,79.5,79.5,79.5,76.2,92.3,95.9,83.4,89.5,81098728
2004:Q4,Black,4.8,5.4,5.3,5.5,4.5,3.3,1.7,1.2,1.1,1.7,0.8,0.8,0.1,1.4,7.9,10.2,6.7,9,2.6,7,7.6,7.6,6.9,11.4,1.9,1.1,8,4.3,14587249
2004:Q4,Hispanic,3.1,4.7,4.5,5.7,2.1,2,1.1,0.9,0.8,1.5,0.2,0.3,0.1,1.1,3.7,3.7,2.2,3.1,2.3,5,6.1,6.1,6.2,6.5,3,0.8,3.7,2.5,10089620
2004:Q4,Other,4.3,5.7,5.8,4.7,3.5,4.1,2,1.9,1.6,3.5,0.4,0.5,0,2.7,4.6,3.1,4.6,3.7,4.1,5.5,6.8,6.8,7.3,5.9,2.8,2.2,4.8,3.8,6783721
2005:Q1,White,87.6,83.9,83.9,83.8,89.8,90.2,94.9,95.9,96.6,93.4,98.8,98.6,99.5,94.7,83.9,83,86.5,84.1,90.6,82.2,78.8,78.8,78.7,76,92.6,95.7,83.4,89.2,81256992
2005:Q1,Black,4.8,5.4,5.4,5.6,4.4,3.3,1.7,1.2,1.1,1.6,0.5,0.5,0.2,1.4,8,10.1,6.5,8.9,2.5,7.1,7.7,7.7,7.2,10.9,1.6,1,8.1,4.2,14509245
2005:Q1,Hispanic,3.1,4.8,4.6,5.7,2.2,2.1,1.1,0.9,0.8,1.4,0.2,0.2,0.3,1.2,3.5,3.6,2.3,3,2.4,5,6.4,6.4,6.5,6.9,3.3,1,3.5,2.5,10112349
2005:Q1,Other,4.5,5.9,6.1,4.9,3.7,4.4,2.2,2,1.6,3.6,0.5,0.6,0,2.8,4.7,3.3,4.7,3.9,4.5,5.7,7.1,7.1,7.6,6.2,2.6,2.3,4.9,4,7116019
2005:Q2,White,87.3,83.5,83.5,83.3,89.6,89.9,94.6,95.9,96.5,93.7,98.7,98.6,99.3,94.6,83.9,83,86.4,84.1,90,81.8,78.3,78.3,78.1,75.8,92.1,95.6,83.4,89.1,81425457
2005:Q2,Black,4.8,5.4,5.4,5.8,4.3,3.4,1.8,1.1,1,1.5,0.4,0.4,0.3,1.3,8,9.9,6.5,8.8,2.5,7.1,7.8,7.8,7.4,10.6,1.7,0.9,8.2,4.2,14410454
2005:Q2,Hispanic,3.2,4.9,4.8,5.6,2.2,2.1,1.1,0.9,0.8,1.4,0.3,0.3,0.4,1.2,3.3,3.6,2.4,3,2.6,5,6.5,6.5,6.7,7,3.4,1.1,3.4,2.6,10114082
2005:Q2,Other,4.7,6.2,6.3,5.2,3.9,4.6,2.5,2.1,1.7,3.4,0.7,0.8,0,2.9,4.8,3.5,4.7,4.1,4.9,6,7.4,7.4,7.9,6.6,2.7,2.4,5,4.2,7462941
2005:Q3,White,87,83.1,83.1,83.2,89.4,89.6,94.4,95.6,96.4,91.5,98.7,98.6,99.1,94.6,84,83,86.2,84,89.5,81.4,77.8,77.8,77.5,75.6,91.9,95.4,83.6,88.8,81596049
2005:Q3,Black,4.7,5.5,5.4,5.8,4.3,3.4,1.7,1.1,1,1.8,0.2,0.1,0.4,1.2,8.1,9.7,6.4,8.7,2.5,7.3,7.9,7.9,7.5,10.4,1.7,0.8,8.1,4.1,14297133
2005:Q3,Hispanic,3.3,5,4.9,5.6,2.2,2.2,1.2,0.9,0.8,1.5,0.3,0.3,0.6,1.2,3.1,3.5,2.5,2.9,2.7,5,6.6,6.6,6.8,7,3.7,1.3,3.2,2.6,10099718
2005:Q3,Other,5,6.4,6.6,5.4,4.1,4.8,2.7,2.4,1.8,5.3,0.9,1,0,3,4.9,3.8,4.8,4.3,5.3,6.3,7.7,7.7,8.2,6.9,2.7,2.5,5.1,4.4,7819545
2005:Q4,White,86.8,82.8,82.7,83,89.3,89.3,94.4,95.6,96.4,92.6,98.6,98.5,98.9,94.6,84.1,82.9,86.1,83.9,89,81,77.4,77.3,77,75.4,91.5,95.5,83.7,88.6,81760694
2005:Q4,Black,4.7,5.5,5.4,5.7,4.2,3.4,1.7,1.1,1,1.5,0.1,0,0.4,1.2,8.1,9.6,6.4,8.6,2.4,7.5,7.9,7.9,7.6,10.3,1.8,0.5,8.1,4.1,14175538
2005:Q4,Hispanic,3.3,5.1,5,5.6,2.2,2.2,1.1,0.9,0.8,1.4,0.3,0.3,0.7,1.2,2.9,3.5,2.6,2.9,2.9,5,6.7,6.7,6.9,7,3.9,1.4,3,2.7,10074158
2005:Q4,Other,5.2,6.7,6.8,5.6,4.3,5.1,2.8,2.4,1.8,4.5,1.1,1.2,0,3.1,5,4,4.9,4.6,5.7,6.5,8,8,8.4,7.3,2.8,2.7,5.2,4.7,8180886
2006:Q1,White,86.7,82.5,82.5,82.6,89.3,89.1,94.1,95.5,96.3,92.1,98.3,98.2,98.8,94.5,84.2,82.9,86,83.8,88.5,80.7,77,77,76.6,75.3,90.8,95,83.8,88.6,81911317
2006:Q1,Black,4.6,5.5,5.5,5.9,4,3.4,1.7,1,0.9,1.5,0.1,0,0.4,1,8.2,9.4,6.3,8.5,2.3,7.5,7.9,7.9,7.7,10,2.1,0.6,8.1,3.9,14051925
2006:Q1,Hispanic,3.3,5.1,5,5.5,2.2,2.3,1.1,0.9,0.8,1.4,0.4,0.3,0.8,1.2,2.6,3.4,2.7,2.9,3,5,6.8,6.8,6.9,7.1,4.1,1.7,2.8,2.6,10042301
2006:Q1,Other,5.4,6.9,7,6,4.5,5.3,3.1,2.5,1.9,5,1.3,1.5,0,3.3,5,4.3,5,4.8,6.2,6.8,8.3,8.3,8.7,7.6,3,2.7,5.3,4.8,8542023
2006:Q2,White,86.5,82.2,82.1,82.5,89.1,88.7,94,95.6,96.3,93.6,97.8,97.7,98.6,94.5,84.3,82.9,86.1,83.8,88,80.4,76.6,76.6,76.1,75,90.1,94.8,83.9,88.4,82039843
2006:Q2,Black,4.6,5.5,5.5,5.9,4,3.4,1.6,1,0.9,1.3,0.2,0.2,0.4,1,8.2,9.3,6.1,8.4,2.3,7.5,7.9,7.9,7.8,9.7,2.3,0.6,8.1,3.9,13932550
2006:Q2,Hispanic,3.4,5.2,5.1,5.5,2.3,2.3,1.1,0.9,0.8,1.3,0.4,0.3,1,1.2,2.4,3.4,2.8,2.8,3.1,5.1,6.9,6.9,7.1,7.2,4.3,1.9,2.6,2.6,10009045
2006:Q2,Other,5.6,7.1,7.3,6.2,4.7,5.5,3.3,2.4,2,3.9,1.5,1.7,0,3.3,5,4.5,5,5.1,6.6,7.1,8.6,8.6,9,8,3.2,2.8,5.4,5,8898011
2006:Q3,White,86.3,81.9,81.8,82.3,88.9,88.4,93.9,95.4,96.2,92.2,97.8,97.7,98.5,94.4,84.4,82.8,86,83.7,87.5,80.1,76.2,76.2,75.7,74.7,89.6,94.5,84,88.3,82138199
2006:Q3,Black,4.5,5.6,5.5,5.8,3.9,3.4,1.5,1,0.9,1.4,0,0,0.3,0.9,8.3,9.1,6.1,8.3,2.2,7.5,8,8,7.9,9.6,2.5,0.5,8.2,3.8,13823671
2006:Q3,Hispanic,3.4,5.2,5.2,5.5,2.3,2.4,1.1,0.9,0.8,1.3,0.4,0.3,1.2,1.2,2.2,3.4,2.9,2.8,3.2,5.1,7,7,7.2,7.3,4.6,2.1,2.4,2.6,9979291
2006:Q3,Other,5.8,7.3,7.5,6.4,4.9,5.8,3.5,2.7,2.1,5.1,1.8,2,0,3.4,5.1,4.7,5,5.3,7,7.4,8.8,8.9,9.3,8.4,3.3,2.9,5.5,5.2,9243909
2006:Q4,White,86.1,81.6,81.5,82.1,88.7,88.1,93.9,95.2,96.2,91.7,97.5,97.4,98.3,94.3,84.5,82.7,85.8,83.6,87,79.8,75.9,75.9,75.3,74.4,88.3,94.1,84,88.2,82198310
2006:Q4,Black,4.5,5.6,5.6,5.9,3.9,3.5,1.4,1,0.9,1.4,0,0,0.3,0.9,8.3,9,6.1,8.2,2.2,7.5,8,8,8,9.6,3.1,0.7,8.2,3.8,13731542
2006:Q4,Hispanic,3.4,5.2,5.2,5.5,2.3,2.4,1.1,1,0.9,1.3,0.5,0.3,1.4,1.2,2.1,3.3,2.9,2.7,3.3,5.1,7,7,7.2,7.3,4.8,2.4,2.2,2.6,9957937
2006:Q4,Other,6,7.5,7.7,6.6,5.1,6,3.6,2.8,2.1,5.6,2,2.3,0,3.6,5.2,5,5.1,5.5,7.5,7.6,9.1,9.1,9.5,8.8,3.9,2.8,5.5,5.4,9574772
2007:Q1,White,86,81.4,81.3,81.6,88.6,87.9,93.7,95.2,96.1,92.1,97.1,97,98,94.3,84.5,82.6,85.8,83.4,86.5,79.5,75.6,75.6,75,74.2,88.5,93.9,84,88.1,82212100
2007:Q1,Black,4.5,5.7,5.6,6.1,3.8,3.4,1.4,1,0.9,1.3,0,0,0.3,0.8,8.3,8.9,6,8.1,2.1,7.6,8,8,8,9.3,2.8,0.6,8.4,3.8,13662420
2007:Q1,Hispanic,3.3,5.2,5.2,5.4,2.3,2.5,1.1,1,0.9,1.3,0.5,0.4,1.6,1.2,1.9,3.3,3,2.7,3.4,5.1,7.1,7.1,7.2,7.4,5.2,2.5,2.1,2.6,9949884
2007:Q1,Other,6.2,7.7,7.9,6.9,5.3,6.2,3.8,2.8,2.2,5.3,2.3,2.6,0.1,3.7,5.2,5.2,5.1,5.8,7.9,7.8,9.3,9.3,9.7,9.1,3.4,2.9,5.6,5.6,9885657
2007:Q2,White,85.8,81.1,81.1,81.3,88.4,87.5,93.6,95,96,90.1,96.4,96.3,97.3,94.2,84.6,82.5,85.7,83.3,86,79.1,75.3,75.3,74.7,73.9,88.3,93.5,84.1,88,82171496
2007:Q2,Black,4.5,5.7,5.7,6.2,3.8,3.5,1.3,1,0.9,1.5,0.4,0.4,0.2,0.8,8.4,8.8,6.1,8.2,2.1,7.7,8,8,8.1,9.3,2.8,0.9,8.4,3.8,13622562
2007:Q2,Hispanic,3.3,5.2,5.2,5.4,2.3,2.5,1.1,1,0.9,1.3,0.6,0.4,1.8,1.2,1.7,3.3,3.1,2.7,3.5,5.1,7.1,7.2,7.3,7.4,5.7,2.8,1.9,2.6,9960029
2007:Q2,Other,6.3,7.9,8,7.1,5.5,6.4,4,3.1,2.2,7.1,2.7,2.9,0.7,3.8,5.3,5.4,5.2,5.9,8.3,8,9.5,9.5,9.9,9.4,3.2,2.8,5.6,5.7,10171623
2007:Q3,White,85.7,80.9,80.9,81,88.3,87.2,93.9,95.6,95.9,94.7,95.9,95.8,96.7,94.2,84.6,82.3,85.6,83.1,85.5,78.8,74.8,74.8,74.2,73.5,87,93.6,84.1,88,82068424
2007:Q3,Black,4.5,5.8,5.7,6.3,3.8,3.6,1.2,0.8,0.8,0.9,0.5,0.5,0.2,0.7,8.5,8.8,6.1,8.3,2.1,7.8,8.2,8.1,8.2,9.3,3.3,0.5,8.6,3.7,13618224
2007:Q3,Hispanic,3.4,5.3,5.3,5.4,2.3,2.6,1,1,0.9,1.2,0.6,0.5,2,1.3,1.6,3.3,3.2,2.7,3.6,5.2,7.3,7.3,7.5,7.5,6,2.9,1.7,2.6,9993273
2007:Q3,Other,6.4,8,8.2,7.3,5.6,6.7,4,2.6,2.4,3.2,3,3.1,1,3.8,5.3,5.6,5.2,5.9,8.8,8.2,9.7,9.8,10.1,9.7,3.6,3,5.6,5.7,10427724
2007:Q4,White,85.7,80.9,81,80.7,88.2,87.3,94,95.5,95.7,95,94.7,94.7,95.7,94,84.6,82.2,85.6,82.9,85.7,78.9,74.8,74.8,74.3,73.1,87.2,93.3,84,88,81898463
2007:Q4,Black,4.5,5.8,5.7,6.4,3.8,3.5,1.1,0.9,0.9,0.9,1.5,1.6,0.1,0.8,8.2,8.8,5.7,8.4,2.1,7.7,8.1,8.1,8.1,9.6,3.3,0.7,8.4,3.7,13653730
2007:Q4,Hispanic,3.3,5.1,5.1,5.4,2.3,2.5,0.9,0.9,0.9,1.1,0.6,0.5,1.9,1.3,1.7,3.3,3.2,2.7,3.5,5.1,7.2,7.2,7.4,7.4,5.7,2.7,1.8,2.5,10053002
2007:Q4,Other,6.5,8.2,8.3,7.4,5.7,6.7,4,2.7,2.5,3,3.1,3.2,2.3,4,5.5,5.7,5.5,6,8.7,8.3,9.9,9.9,10.3,9.9,3.7,3.2,5.8,5.8,10650327
2008:Q1,White,85.7,81,81.1,80.5,88.1,87.4,94.2,95.4,95.5,95.2,93.9,93.9,94.7,93.8,84.6,82.3,85.9,82.8,85.9,79.1,74.9,74.8,74.4,72.7,87.3,92.9,83.6,88,81671820
2008:Q1,Black,4.5,5.8,5.6,6.4,3.8,3.4,1,0.9,1,0.9,2.1,2.3,0,0.8,8,8.7,5.3,8.5,2,7.6,8,8,7.9,9.8,3.4,1.1,8.3,3.8,13725682
2008:Q1,Hispanic,3.2,5,4.9,5.5,2.3,2.4,0.8,0.9,0.8,1.1,0.6,0.6,1.7,1.3,1.7,3.4,3.2,2.7,3.5,5.1,7.1,7.1,7.3,7.5,5.4,2.7,2,2.4,10136555
2008:Q1,Other,6.6,8.2,8.4,7.5,5.7,6.8,4,2.8,2.7,2.9,3.3,3.2,3.6,4.1,5.7,5.6,5.7,6,8.7,8.3,10.1,10.1,10.4,10.1,3.9,3.3,6.1,5.8,10841022
2008:Q2,White,85.6,81.1,81.2,80.5,88,87.2,93.9,95.1,95.2,94.6,94,93.9,95.6,93.6,84.5,82.2,85.9,82.6,86.1,79.2,75,75,74.8,72.3,88.8,92.9,83.4,87.9,81402354
2008:Q2,Black,4.5,5.7,5.6,6.3,3.9,3.5,1,1,1,0.9,2.1,2.2,0,0.8,7.8,8.7,5,8.6,2,7.5,7.8,7.8,7.6,10.2,2.8,0.9,8.2,3.8,13828750
2008:Q2,Hispanic,3.2,4.9,4.8,5.6,2.3,2.3,0.9,0.9,0.8,1.1,0.6,0.5,1.5,1.3,1.8,3.5,3.1,2.8,3.4,5,6.9,6.9,7.1,7.3,5.2,2.5,2.1,2.4,10239755
2008:Q2,Other,6.7,8.3,8.4,7.6,5.8,6.9,4.2,3.1,3,3.4,3.3,3.4,2.8,4.3,5.9,5.6,6,6,8.5,8.3,10.2,10.2,10.6,10.2,3.2,3.7,6.3,5.9,11002712
2008:Q3,White,85.5,81.1,81.3,80.2,87.9,87.3,93.7,95.1,95,95.7,94.1,93.9,96.7,93.4,84.4,82.2,86.2,82.4,86.4,79.3,75,75,74.7,71.8,87.2,92.3,83.3,87.9,81103927
2008:Q3,Black,4.6,5.7,5.6,6.4,4,3.4,1.1,1,1.1,0.8,1.9,2.1,0.1,0.9,7.6,8.7,4.4,8.7,1.9,7.5,7.8,7.8,7.5,10.4,3.6,1.6,8,3.8,13957604
2008:Q3,Hispanic,3.2,4.8,4.6,5.7,2.3,2.3,0.9,0.8,0.8,1,0.6,0.5,1.3,1.4,1.9,3.6,3.2,2.8,3.3,5,6.9,6.9,7.1,7.4,4.8,2.6,2.1,2.3,10358428
2008:Q3,Other,6.7,8.3,8.4,7.7,5.9,7,4.3,3,3.2,2.5,3.4,3.5,1.9,4.4,6.1,5.5,6.2,6,8.4,8.2,10.3,10.3,10.7,10.3,4.4,3.5,6.5,5.9,11138295
2008:Q4,White,85.4,81.2,81.4,80,87.8,87.5,94,95.1,94.7,96.1,95.7,95.6,96.7,93.3,84.4,82.4,86.8,82.3,86.7,79.4,74.8,74.7,74.8,71.4,87.6,93.2,82.9,87.9,80790398
2008:Q4,Black,4.6,5.8,5.6,6.5,4,3.4,1,1,1.1,0.8,0.2,0.3,0.1,1,7.4,8.6,3.6,8.9,1.9,7.4,7.8,7.8,7.4,10.6,3.5,0.3,8,3.9,14106913
2008:Q4,Hispanic,3.2,4.8,4.5,5.8,2.4,2.2,0.8,0.8,0.8,0.9,0.4,0.3,1.1,1.5,2,3.7,3.2,2.9,3.2,5,6.9,7,7,7.5,4.6,1.6,2.3,2.3,10488399
2008:Q4,Other,6.7,8.3,8.5,7.7,5.9,6.9,4.2,3.1,3.4,2.2,3.7,3.8,2.1,4.2,6.3,5.3,6.4,6,8.2,8.2,10.5,10.5,10.8,10.4,4.3,4.9,6.8,5.8,11250672
2009:Q1,White,85.4,81.2,81.5,79.8,87.7,87.4,93.8,95.6,94.5,98.5,95.9,95.8,97.1,93,84.3,82.3,87,82.1,87,79.5,74.6,74.6,74.8,71,89,93.2,82.9,88,80475629
2009:Q1,Black,4.7,5.8,5.6,6.5,4.1,3.4,1,1,1.2,0.5,0,0,0.1,1.1,7.2,8.6,3.1,9,1.8,7.3,7.8,7.8,7.4,10.7,2.9,0.2,7.9,3.9,14271348
2009:Q1,Hispanic,3.2,4.7,4.4,5.9,2.4,2.2,0.8,0.8,0.7,0.9,0.3,0.2,1,1.6,2.1,3.8,3.2,2.9,3.1,5,7,7,7.1,7.7,4.5,1.2,2.4,2.3,10625493
2009:Q1,Other,6.7,8.3,8.5,7.8,5.8,7.1,4.4,2.7,3.6,0.1,3.8,4.1,1.8,4.3,6.5,5.2,6.7,5.9,8,8.1,10.6,10.6,10.8,10.6,3.6,5.4,6.9,5.8,11342743
2009:Q2,White,85.4,81.2,81.6,79.7,87.6,87.3,93.4,95.6,94.3,98.3,95.9,95.7,97.5,92.5,84.2,82,86.6,82,87.4,79.6,74.8,74.8,75,70.7,88.8,92.7,83.1,87.9,80173480
2009:Q2,Black,4.7,5.8,5.6,6.5,4.1,3.5,1.1,1.1,1.3,0.5,0,0,0.1,1,7,8.8,3.3,9.2,1.7,7.3,7.7,7.7,7.2,10.9,3.1,0.6,7.5,4,14445578
2009:Q2,Hispanic,3.2,4.7,4.4,6,2.3,2.1,0.9,0.8,0.8,0.8,0.3,0.2,0.8,1.4,2.2,3.9,3.2,3,3,5,6.9,6.9,7,7.8,4.3,1.1,2.4,2.2,10765534
2009:Q2,Other,6.8,8.3,8.4,7.8,6,7.1,4.6,2.6,3.6,0.3,3.8,4.1,1.6,5.1,6.6,5.3,7,5.9,7.8,8.1,10.6,10.6,10.9,10.6,3.8,5.6,7,5.8,11417408
2009:Q3,White,85.4,81.2,81.6,79.8,87.6,87.3,93,94.8,94.1,96.9,95.9,95.6,97.8,92.1,84.1,81.6,86.1,81.8,87.8,79.8,74.8,74.8,75.1,70.3,88.4,92.3,83.1,87.9,79897811
2009:Q3,Black,4.7,5.7,5.6,6.4,4.1,3.5,1.3,1.2,1.3,0.7,0,0,0.1,1,6.8,9,3.5,9.4,1.7,7.2,7.7,7.7,7.1,11.2,3.3,1,7.3,4,14624274
2009:Q3,Hispanic,3.1,4.7,4.4,6.2,2.2,2,0.9,0.8,0.7,0.8,0.2,0.2,0.6,1.2,2.3,4,3.1,3,2.9,5,6.9,6.9,6.9,7.9,4.1,1,2.5,2.2,10904348
2009:Q3,Other,6.8,8.3,8.4,7.7,6.1,7.2,4.9,3.2,3.8,1.5,3.9,4.2,1.5,5.6,6.8,5.4,7.3,5.8,7.6,8,10.6,10.7,10.9,10.7,4.2,5.6,7.2,5.9,11477568
2009:Q4,White,85.4,81.2,81.6,79.5,87.4,87.4,92.6,94.2,93.9,95.2,95.9,95.5,98.1,91.9,84,81.4,86,81.6,88.2,79.9,75,74.9,75.4,69.9,88.4,91.9,83.6,87.8,79662484
2009:Q4,Black,4.7,5.8,5.6,6.5,4.2,3.4,1.4,1.3,1.4,0.9,0,0,0.1,1,6.6,9.1,3.4,9.5,1.7,7.2,7.6,7.6,6.9,11.5,3.4,1.5,6.6,4,14802105
2009:Q4,Hispanic,3.1,4.7,4.4,6.2,2.2,2,1,0.8,0.7,0.8,0.2,0.2,0.5,1.2,2.4,4.1,3.1,3.1,2.8,5,6.8,6.8,6.8,7.9,3.9,1.1,2.5,2.2,11037760
2009:Q4,Other,6.9,8.3,8.4,7.8,6.2,7.2,5,3.7,3.9,3.1,3.9,4.3,1.3,5.9,7,5.4,7.5,5.7,7.3,7.9,10.7,10.7,10.9,10.7,4.3,5.6,7.2,6,11526121
2010:Q1,White,85.4,81.3,81.7,79.4,87.4,87.4,92.1,94.5,93.7,96.7,95.8,95.5,98.2,91.6,83.9,81.2,85.9,81.4,88.6,80.1,75.3,75.3,75.8,69.6,85.5,91.5,82.9,87.7,79481358
2010:Q1,Black,4.7,5.8,5.6,6.5,4.2,3.5,1.5,1.3,1.5,0.8,0,0,0.1,1,6.4,9.2,3.3,9.7,1.7,7,7.4,7.4,6.6,11.7,4.9,1.9,6.9,4.1,14973741
2010:Q1,Hispanic,3,4.7,4.3,6.3,2.2,1.9,1,0.7,0.7,0.8,0.2,0.1,0.3,1.1,2.5,4.2,3.1,3.1,2.7,5,6.7,6.7,6.6,7.9,3.5,1.1,2.7,2.2,11161594
2010:Q1,Other,6.9,8.2,8.4,7.8,6.2,7.2,5.4,3.5,4.1,1.8,4,4.4,1.4,6.3,7.1,5.4,7.8,5.7,7,7.8,10.7,10.7,10.9,10.7,6.2,5.6,7.5,6,11565970
2010:Q2,White,85.3,81.4,81.8,79.3,87.2,87.4,91.7,93.9,93.5,95.5,95.7,95.4,98,91.3,84,81.2,86.2,81.3,88.9,80.4,75.6,75.6,76.3,69.4,85.5,91.2,82.6,87.5,79368295
2010:Q2,Black,4.7,5.7,5.6,6.5,4.2,3.5,1.7,1.4,1.5,0.9,0.1,0.1,0.1,1.1,6.2,9.2,2.8,9.8,1.8,6.9,7.3,7.3,6.4,12.1,4.9,2.2,6.9,4.2,15133853
2010:Q2,Hispanic,3,4.7,4.3,6.4,2.2,1.8,1.1,0.7,0.7,0.7,0.1,0.1,0.2,1.1,2.6,4.3,3.1,3.2,2.6,5,6.5,6.5,6.4,7.8,3.3,1,2.8,2.3,11271676
2010:Q2,Other,6.9,8.2,8.3,7.7,6.3,7.3,5.6,4,4.4,2.9,4.1,4.4,1.7,6.5,7.2,5.3,8,5.8,6.7,7.7,10.7,10.7,10.9,10.7,6.2,5.7,7.6,6.1,11600012
2010:Q3,White,85.3,81.4,81.8,79.4,87.2,87.5,91.6,93.1,93.3,92.3,95.6,95.2,97.9,91.1,83.9,81,85.9,81.2,89.2,80.7,75.9,75.8,76.7,69.1,86.6,90.9,83.4,87.4,79337154
2010:Q3,Black,4.7,5.7,5.5,6.4,4.2,3.5,1.7,1.5,1.6,1.3,0.2,0.2,0,1.1,6,9.3,2.9,9.9,1.9,6.7,7.2,7.2,6.1,12.4,4.5,2.5,6.1,4.2,15277109
2010:Q3,Hispanic,3,4.8,4.4,6.5,2.2,1.7,1.1,0.7,0.6,0.7,0.1,0.1,0,1,2.7,4.3,3,3.2,2.5,5,6.3,6.3,6.3,7.8,3.2,0.8,2.8,2.3,11363830
2010:Q3,Other,7,8.1,8.2,7.7,6.4,7.3,5.7,4.7,4.5,5.6,4.1,4.4,2,6.8,7.4,5.3,8.2,5.8,6.4,7.6,10.6,10.7,10.9,10.7,5.7,5.8,7.7,6.2,11631150
2010:Q4,White,85.5,81.4,82,79.3,87.3,87.4,92.3,94.4,93.5,97,95.2,95,96.6,91.2,84,80.5,85.8,81,89,80.5,75.9,75.8,76.7,69.2,86.7,91.2,82.9,87.5,79397126
2010:Q4,Black,4.7,5.7,5.5,6.6,4.2,3.5,1.5,1.4,1.6,0.7,0.8,0.8,0.5,1.1,5.9,9.5,3.2,10,1.9,6.7,7.3,7.3,6.2,12.7,4.4,2.4,6.4,4.1,15399681
2010:Q4,Hispanic,2.9,4.6,4.2,6.4,2.1,1.7,1,0.6,0.6,0.6,0.2,0.1,0.7,1,2.6,4.1,2.9,3.1,2.5,5,6.2,6.2,6.2,7.4,3.2,0.9,2.8,2.2,11435147
2010:Q4,Other,7,8.2,8.3,7.7,6.4,7.4,5.2,3.5,4.2,1.6,3.8,4,2.3,6.6,7.5,5.8,8.1,6,6.5,7.9,10.6,10.6,10.9,10.6,5.7,5.4,7.9,6.2,11661877
2011:Q1,White,85.5,81.4,82,79.3,87.3,87.4,92.5,94.2,93.8,95.8,95.1,95,95.7,91.4,84,80.3,85.7,80.9,88.9,80.3,76,76,76.7,69.4,87.3,91.4,83,87.5,79538710
2011:Q1,Black,4.7,5.7,5.5,6.6,4.3,3.4,1.5,1.4,1.5,0.9,1.2,1.2,0.9,1.1,5.8,9.6,3.4,10,2,6.6,7.3,7.3,6.2,12.6,4,2.5,6.4,4.1,15503741
2011:Q1,Hispanic,2.8,4.6,4.2,6.4,2,1.7,0.9,0.6,0.6,0.6,0.3,0.1,1.3,1,2.5,3.9,2.8,3,2.5,4.9,6.2,6.2,6.2,7.4,3.2,1.1,2.7,2.1,11487771
2011:Q1,Other,7,8.3,8.4,7.8,6.4,7.5,5,3.8,4.1,2.7,3.5,3.7,2.1,6.5,7.7,6.2,8.1,6,6.5,8.1,10.6,10.6,10.9,10.6,5.5,5,8,6.2,11693070
2011:Q2,White,85.6,81.5,82.1,79.2,87.4,87.4,92.9,95.1,94,98,94.7,94.7,94.9,91.5,84.1,80.1,85.8,80.9,88.8,80.2,76.1,76,76.7,69.7,88.3,91.8,83,87.6,79747739
2011:Q2,Black,4.7,5.7,5.4,6.7,4.3,3.4,1.5,1.2,1.5,0.6,1.8,1.9,1.2,1.2,5.7,9.6,3.5,10.1,2,6.6,7.3,7.3,6.2,12.6,3.4,2.4,6.3,4.2,15592960
2011:Q2,Hispanic,2.8,4.6,4.1,6.3,2,1.7,0.8,0.6,0.6,0.6,0.4,0.2,1.8,1,2.4,3.7,2.7,2.9,2.5,4.9,6.1,6.1,6.1,7.2,3.3,1.1,2.6,2.1,11525112
2011:Q2,Other,6.9,8.3,8.4,7.9,6.4,7.5,4.8,3.1,3.9,0.8,3.2,3.3,2.1,6.4,7.8,6.5,8,6.1,6.6,8.3,10.5,10.5,10.9,10.4,5,4.8,8.1,6.2,11725197
2011:Q3,White,85.6,81.5,82.1,79.4,87.4,87.5,93.2,95.5,94.2,99,94.6,94.7,94.4,91.6,84.2,80.1,86.5,80.9,88.7,80,76.1,76.1,76.8,70,88.2,92.2,83.6,87.6,80010041
2011:Q3,Black,4.8,5.6,5.4,6.6,4.4,3.3,1.4,1.1,1.4,0.4,2.1,2.2,1.6,1.3,5.6,9.5,2.9,10.2,2.1,6.6,7.4,7.4,6.2,12.6,3.4,2.2,5.8,4.2,15671011
2011:Q3,Hispanic,2.8,4.5,4.1,6.2,2,1.7,0.8,0.5,0.5,0.5,0.4,0.1,2.2,1.1,2.3,3.5,2.6,2.8,2.5,4.9,6,6,6,7.1,3.2,0.9,2.4,2.1,11550582
2011:Q3,Other,6.9,8.3,8.5,7.8,6.3,7.5,4.6,2.8,3.9,0,2.8,3,1.8,6,7.9,6.8,8,6.2,6.7,8.5,10.5,10.5,10.9,10.4,5.2,4.7,8.3,6.1,11758730
2011:Q4,White,85.7,81.6,82.1,79.5,87.4,87.5,93.6,95.7,94.4,99.1,94.9,95.1,93.7,91.7,84.2,79.8,86.4,80.9,88.6,79.8,76.1,76.1,76.8,70.3,87.9,92.9,83.8,87.7,80311447
2011:Q4,Black,4.7,5.6,5.3,6.6,4.4,3.2,1.4,1.1,1.3,0.4,2.1,2.2,1.9,1.4,5.6,9.6,3.2,10.2,2.2,6.6,7.4,7.4,6.3,12.6,3.4,1.9,5.6,4.2,15741566
2011:Q4,Hispanic,2.7,4.4,4,6.1,1.9,1.7,0.7,0.5,0.5,0.5,0.4,0.1,2.6,1,2.2,3.3,2.5,2.7,2.5,4.8,5.9,6,6,6.9,3.2,0.6,2.2,2,11567590
2011:Q4,Other,6.9,8.4,8.5,7.8,6.3,7.6,4.4,2.7,3.7,0,2.6,2.7,1.8,5.9,8.1,7.2,7.9,6.3,6.7,8.7,10.5,10.5,10.9,10.3,5.5,4.7,8.4,6.2,11794137
2012:Q1,White,85.8,81.6,82.2,79.4,87.5,87.5,93.8,96,94.7,99.2,94.7,95,92.6,91.8,84.3,79.5,86.2,80.8,88.5,79.8,76.4,76.4,77,70.6,88.6,93,83.5,87.7,80637787
2012:Q1,Black,4.7,5.6,5.2,6.8,4.4,3.2,1.4,1,1.3,0.3,2.5,2.5,2.1,1.3,5.5,9.7,3.6,10.2,2.2,6.5,7.4,7.4,6.3,12.5,3,1.9,5.9,4.2,15808298
2012:Q1,Hispanic,2.6,4.4,4,6,1.8,1.6,0.6,0.5,0.5,0.5,0.5,0.1,3,1,2,3.1,2.3,2.6,2.5,4.8,5.8,5.8,5.9,6.7,3.2,0.8,2.2,1.9,11579547
2012:Q1,Other,6.9,8.4,8.6,7.9,6.3,7.6,4.2,2.4,3.5,0,2.4,2.4,2.3,5.8,8.2,7.6,7.9,6.4,6.8,8.9,10.4,10.4,10.9,10.2,5.2,4.3,8.5,6.2,11831891
2012:Q2,White,85.8,81.7,82.2,79.6,87.5,87.4,94,96,94.9,99.1,94.4,94.9,91.5,92,84.5,79.4,86.5,80.8,88.4,79.7,76.5,76.5,77,71,88.9,93.5,83.2,87.7,80974892
2012:Q2,Black,4.7,5.5,5.2,6.7,4.4,3.2,1.4,1,1.2,0.4,2.9,2.9,2.4,1.4,5.3,9.7,3.5,10.3,2.3,6.4,7.4,7.4,6.3,12.5,2.8,1.7,6.1,4.2,15874878
2012:Q2,Hispanic,2.5,4.4,4,5.9,1.8,1.6,0.6,0.5,0.5,0.5,0.5,0.1,3.4,1,1.9,2.9,2.2,2.5,2.5,4.8,5.7,5.7,5.8,6.5,3.2,0.6,2.1,1.9,11589862
2012:Q2,Other,6.9,8.5,8.6,7.9,6.3,7.8,4,2.5,3.4,0,2.2,2.1,2.8,5.6,8.3,7.9,7.8,6.4,6.8,9.2,10.4,10.4,10.9,10,5.1,4.1,8.6,6.2,11872459
2012:Q3,White,85.9,81.7,82.2,79.7,87.6,87.4,94.4,96.4,95.1,99.4,94.3,94.8,90.5,92.1,84.6,79.2,86.5,80.8,88.2,79.6,76.5,76.4,76.9,71.2,89.3,93.8,83.3,87.8,81308590
2012:Q3,Black,4.7,5.4,5.1,6.6,4.4,3.1,1.3,0.9,1.2,0.2,3.1,3.2,2.6,1.4,5.2,9.7,3.7,10.3,2.4,6.3,7.5,7.5,6.4,12.4,2.5,1.6,6,4.1,15944980
2012:Q3,Hispanic,2.5,4.3,4,5.8,1.7,1.6,0.5,0.4,0.4,0.4,0.5,0.1,3.7,1,1.7,2.7,2.1,2.4,2.5,4.7,5.7,5.7,5.8,6.5,3.1,0.6,2,1.9,11601946
2012:Q3,Other,6.9,8.5,8.7,7.9,6.3,7.9,3.8,2.3,3.2,0,2,1.9,3.2,5.5,8.4,8.3,7.7,6.5,6.9,9.4,10.3,10.4,10.9,10,5.1,3.9,8.7,6.2,11916313
2012:Q4,White,85.9,81.7,82.2,79.8,87.6,87.5,94.8,96.4,95.4,99.2,94.1,94.7,89.6,92.2,84.7,79,86.6,80.8,88.1,79.5,76.7,76.7,77.2,71.6,89.5,94.6,84.4,87.7,81624713
2012:Q4,Black,4.7,5.4,5,6.6,4.4,3.1,1.2,0.9,1.1,0.4,3.5,3.6,2.8,1.5,5.1,9.8,3.7,10.3,2.4,6.3,7.5,7.5,6.3,12.5,2.3,1.3,5,4.1,16022275
2012:Q4,Hispanic,2.4,4.3,4,5.7,1.7,1.6,0.4,0.4,0.4,0.4,0.6,0.1,4.1,1,1.6,2.6,2,2.3,2.5,4.7,5.5,5.5,5.6,6.1,3.1,0.3,1.7,1.9,11619208
2012:Q4,Other,6.9,8.6,8.8,7.9,6.3,7.9,3.6,2.3,3.1,0,1.8,1.6,3.6,5.3,8.6,8.6,7.7,6.6,7,9.6,10.3,10.3,10.9,9.8,5.1,3.9,8.9,6.3,11963923
2013:Q1,White,85.9,81.7,82.1,79.8,87.6,87.5,95,96.3,95.6,98.3,94.2,94.8,89.1,92.2,84.8,78.8,86.5,80.7,88,79.4,76.4,76.3,76.6,71.7,89.8,94.7,84.3,87.7,81909091
2013:Q1,Black,4.7,5.3,5,6.7,4.4,3,1.2,1,1.1,0.6,3.6,3.7,3,1.5,5,9.9,4,10.4,2.5,6.2,7.7,7.7,6.7,12.1,2,1.3,5.1,4.1,16110435
2013:Q1,Hispanic,2.4,4.3,4,5.6,1.6,1.5,0.4,0.4,0.4,0.4,0.6,0.1,4.4,0.9,1.5,2.4,1.9,2.2,2.5,4.7,5.7,5.7,5.8,6.4,3.1,0.4,1.6,1.8,11645060
2013:Q1,Other,7,8.7,8.9,8,6.4,8,3.5,2.4,2.9,0.8,1.6,1.4,3.6,5.3,8.7,9,7.6,6.8,7,9.8,10.3,10.3,10.9,9.8,5,3.6,9,6.4,12015759
2013:Q2,White,85.8,81.6,82,79.9,87.4,87.4,95.2,95.7,95.8,95.3,93.9,94.5,88.5,92.3,84.9,78.6,86.6,80.4,87.8,79.2,76.4,76.4,76.6,72,89.8,95,83.9,87.5,82147553
2013:Q2,Black,4.7,5.2,4.9,6.6,4.5,3,1.2,1.1,1.1,0.9,4,4.2,3.2,1.5,4.9,9.9,4.1,10.4,2.6,6.2,7.7,7.7,6.8,12.1,1.9,1.2,5.4,4.2,16213133
2013:Q2,Hispanic,2.4,4.3,4,5.5,1.6,1.5,0.3,0.4,0.4,0.4,0.6,0.1,4.6,0.9,1.4,2.2,1.8,2.1,2.5,4.6,5.6,5.6,5.8,6.2,3.1,0.4,1.6,1.8,11682911
2013:Q2,Other,7.1,8.8,9,8,6.5,8.1,3.3,2.8,2.7,3.4,1.5,1.2,3.7,5.2,8.8,9.3,7.6,7,7.1,10,10.3,10.3,10.9,9.7,5.2,3.4,9.1,6.6,12072290
2013:Q3,White,85.7,81.5,81.9,80.1,87.3,87.4,95.5,95.8,96.1,94.6,93.8,94.6,88,92.4,84.9,78.3,86.5,80.2,87.6,79,76.3,76.3,76.4,72.1,90.5,95.4,84.3,87.4,82325930
2013:Q3,Black,4.7,5.1,4.8,6.4,4.5,2.9,1.1,1,1,1,4.2,4.4,3.4,1.5,4.8,10,4.3,10.5,2.7,6.2,7.8,7.8,6.9,12.2,1.5,1.1,5,4.2,16334042
2013:Q3,Hispanic,2.4,4.4,4.1,5.5,1.6,1.5,0.3,0.4,0.4,0.4,0.6,0.1,4.9,0.9,1.3,2.1,1.7,2.1,2.5,4.6,5.6,5.6,5.8,6.1,3.1,0.3,1.4,1.8,11736172
2013:Q3,Other,7.2,8.9,9.1,7.9,6.5,8.2,3.1,2.8,2.5,4,1.3,1,3.7,5.1,9,9.6,7.6,7.3,7.2,10.2,10.3,10.3,10.9,9.7,4.9,3.2,9.3,6.7,12133987
2013:Q4,White,85.5,81.4,81.7,80,87.1,86.9,95.1,95.2,95.4,94.2,93.3,94.1,86.9,92.4,84.9,77.8,85.9,79.9,87.9,78.8,76.2,76.2,76.3,71.6,89.5,93.3,84.1,87.2,82434059
2013:Q4,Black,4.8,5.2,4.9,6.5,4.6,3.1,1.2,1.3,1.4,1.1,4.1,4.2,3.1,1.5,5,10.2,4.5,10.5,2.6,6.5,7.9,7.9,6.9,12.4,1.9,1.8,5.3,4.2,16475590
2013:Q4,Hispanic,2.4,4.4,4.1,5.6,1.7,1.7,0.3,0.5,0.5,0.4,0.6,0.2,4.4,1,1.5,2.3,1.9,2.2,2.5,4.7,5.7,5.7,5.8,6.2,3.2,1.2,1.7,1.9,11807105
2013:Q4,Other,7.3,9,9.2,7.9,6.6,8.3,3.4,3,2.7,4.3,2,1.5,5.6,5.2,8.7,9.6,7.6,7.4,7,10,10.3,10.3,10.9,9.8,5.4,3.6,9,6.7,12201181
2014:Q1,White,85.4,81.2,81.5,79.8,87,86.6,94.7,94.5,94.7,93.6,92.7,93.5,85.7,92.3,84.8,77.4,85.7,79.7,88.1,78.6,76,76,76.3,71,89.3,92.4,83.9,87,82477803
2014:Q1,Black,4.8,5.3,5,6.7,4.6,3.2,1.3,1.6,1.7,1.1,4,4.1,2.8,1.4,5.1,10.4,4.5,10.5,2.6,6.7,7.9,7.9,6.9,12.6,2,1.9,5.5,4.2,16635231
2014:Q1,Hispanic,2.5,4.5,4.2,5.6,1.8,2,0.4,0.5,0.5,0.5,0.6,0.2,4,1.1,1.7,2.5,2.1,2.3,2.4,4.7,5.7,5.7,5.8,6.5,3.4,1.4,1.9,2,11893381
2014:Q1,Other,7.3,9,9.3,7.9,6.6,8.3,3.6,3.4,3,4.8,2.6,2.1,7.5,5.2,8.4,9.7,7.7,7.5,6.9,9.9,10.3,10.3,11,9.9,5.4,4.3,8.6,6.8,12273643
2014:Q2,White,85.3,81,81.3,79.7,86.9,86.1,94.2,94.2,94.1,94.2,92.4,93.2,84.6,92.3,84.8,77,85.3,79.4,88.3,78.4,75.8,75.8,76.2,70.5,88.6,91.6,83.6,86.9,82467035
2014:Q2,Black,4.8,5.4,5.1,6.8,4.6,3.3,1.5,1.8,2,1,3.7,3.9,2.5,1.4,5.2,10.6,4.6,10.6,2.5,7,8,8,6.9,12.9,2.2,1.9,5.9,4.2,16809177
2014:Q2,Hispanic,2.6,4.6,4.3,5.7,1.9,2.2,0.4,0.6,0.6,0.5,0.6,0.3,3.6,1.1,1.9,2.6,2.3,2.4,2.4,4.8,5.8,5.8,5.9,6.6,3.6,1.5,2.2,2.1,11991527
2014:Q2,Other,7.3,9,9.3,7.9,6.7,8.4,3.9,3.5,3.3,4.3,3.3,2.6,9.3,5.2,8.1,9.8,7.8,7.6,6.8,9.8,10.4,10.4,11,10,5.6,5.1,8.4,6.8,12351007
2014:Q3,White,85.1,80.8,81.1,79.4,86.7,85.7,93.8,93.6,93.5,93.7,91.8,92.7,83.4,92.2,84.7,76.6,85.1,79.2,88.4,78.1,75.4,75.4,76.1,69.8,88.4,91.2,83.8,86.7,82411625
2014:Q3,Black,4.9,5.5,5.1,7,4.6,3.4,1.6,2,2.3,1.1,3.6,3.7,2.2,1.4,5.4,10.8,4.5,10.6,2.5,7.3,8.1,8.1,6.9,13.2,2.2,1.3,5.8,4.3,16993640
2014:Q3,Hispanic,2.7,4.6,4.4,5.8,2,2.4,0.4,0.6,0.6,0.5,0.6,0.4,3.2,1.2,2.1,2.8,2.5,2.5,2.3,4.9,5.9,5.9,5.9,6.7,3.8,1,2.3,2.2,12098066
2014:Q3,Other,7.4,9.1,9.4,7.9,6.7,8.5,4.2,3.8,3.5,4.7,4,3.2,11.2,5.1,7.8,9.8,7.9,7.7,6.8,9.7,10.6,10.6,11.1,10.2,5.5,6.6,8.1,6.8,12432904
2014:Q4,White,84.9,80.6,80.9,79.1,86.5,85.3,93.4,92.9,93,92.9,91.5,92.5,82.3,92.2,84.6,76.1,84.8,78.9,88.5,77.9,75,75,76,69.3,87.7,90.3,84,86.5,82321444
2014:Q4,Black,4.9,5.6,5.2,7.2,4.6,3.6,1.7,2.3,2.6,1.2,3.2,3.3,2,1.4,5.5,11,4.5,10.6,2.5,7.5,8.2,8.2,6.9,13.6,2.5,1.1,5.7,4.3,17184830
2014:Q4,Hispanic,2.8,4.7,4.4,5.8,2.1,2.6,0.5,0.7,0.7,0.6,0.6,0.4,2.8,1.3,2.3,3,2.7,2.6,2.3,5,6,6,6,6.9,4,0.9,2.5,2.3,12209522
2014:Q4,Other,7.4,9.2,9.4,7.9,6.8,8.5,4.5,4.1,3.7,5.4,4.7,3.8,13,5.2,7.5,9.9,8,7.9,6.7,9.6,10.8,10.8,11.2,10.3,5.8,7.7,7.8,6.9,12518967
2015:Q1,White,84.7,80.3,80.7,78.8,86.4,85,92.9,92.1,92.4,90.9,91,92,81,92.1,84.5,75.7,84.5,78.6,88.6,77.6,74.7,74.7,75.8,68.7,86.8,89.3,83.7,86.3,82206364
2015:Q1,Black,4.9,5.7,5.3,7.4,4.6,3.6,1.8,2.6,2.9,1.4,2.9,3,1.7,1.4,5.7,11.2,4.6,10.7,2.5,7.8,8.3,8.3,6.9,13.7,2.9,1.1,6,4.4,17378959
2015:Q1,Hispanic,2.9,4.8,4.5,5.9,2.2,2.8,0.5,0.7,0.7,0.6,0.6,0.5,2.4,1.4,2.6,3.1,2.9,2.7,2.3,5.1,6.1,6.1,6.1,7.2,4.2,1,2.7,2.4,12322421
2015:Q1,Other,7.5,9.2,9.5,8,6.8,8.5,4.8,4.6,4,7.1,5.5,4.5,14.9,5.1,7.3,10,8.1,8,6.6,9.5,10.9,10.9,11.2,10.5,6.1,8.6,7.6,7,12608830
2015:Q2,White,84.4,80.1,80.5,78.4,86.1,84.6,92.4,91.3,91.8,88.6,90.6,91.7,79.8,92.1,84.4,75.2,84.3,78.3,88.7,77.4,74.3,74.3,75.5,68.1,85.6,88.4,83.5,86.1,82076255
2015:Q2,Black,5,5.8,5.4,7.6,4.7,3.8,1.9,2.9,3.1,1.7,2.4,2.5,1.4,1.4,5.8,11.4,4.5,10.8,2.5,8.1,8.4,8.4,7,14,3.4,1.1,6.2,4.4,17572239
2015:Q2,Hispanic,3,4.9,4.6,6,2.3,3,0.6,0.8,0.8,0.7,0.7,0.5,2,1.5,2.8,3.3,3,2.8,2.3,5.2,6.2,6.2,6.2,7.3,4.4,1.1,3,2.5,12433287
2015:Q2,Other,7.6,9.3,9.5,8,6.9,8.6,5.1,5,4.2,9.1,6.3,5.2,16.8,5.1,7,10.1,8.2,8.1,6.6,9.4,11,11,11.3,10.6,6.6,9.5,7.3,7,12702124
2015:Q3,White,84.2,79.9,80.2,78.3,85.9,84.1,92,90.8,91.3,88,90.2,91.4,78.5,92.1,84.4,74.8,84.3,78.1,88.8,77.1,73.9,73.9,75.3,67.5,84.6,87.3,83.6,85.8,81940989
2015:Q3,Black,5.1,5.9,5.5,7.6,4.8,3.9,2,3.1,3.4,1.7,2,2.1,1.1,1.4,5.9,11.5,4.2,10.8,2.5,8.4,8.6,8.6,7,14.3,3.8,0.9,6.2,4.5,17760880
2015:Q3,Hispanic,3.1,5,4.7,6.1,2.4,3.2,0.6,0.8,0.8,0.7,0.7,0.6,1.6,1.6,3,3.5,3.2,2.9,2.2,5.2,6.4,6.4,6.3,7.5,4.7,1,3.1,2.6,12538645
2015:Q3,Other,7.6,9.3,9.6,8,7,8.7,5.3,5.3,4.6,9.6,7.2,6,18.8,4.9,6.7,10.2,8.3,8.2,6.5,9.3,11.1,11.2,11.4,10.7,6.9,10.7,7,7.1,12798481
2015:Q4,White,84,79.6,80,78.2,85.7,83.8,91.6,90.2,90.7,82.8,89.8,91,77.2,92,84.3,74.3,83.9,77.8,88.9,76.8,73.6,73.6,75.1,67.1,82.6,86.3,83.6,85.6,81810437
2015:Q4,Black,5.1,5.9,5.5,7.7,4.8,4,2.1,3.5,3.6,2.3,1.5,1.5,0.9,1.4,6.1,11.7,4.3,10.9,2.4,8.8,8.6,8.6,7.1,14.3,4.7,0.7,6.3,4.6,17941094
2015:Q4,Hispanic,3.2,5,4.8,6.2,2.5,3.4,0.7,0.8,0.8,0.8,0.7,0.6,1.2,1.7,3.2,3.7,3.4,3,2.2,5.3,6.5,6.5,6.4,7.8,4.9,1,3.3,2.7,12635018
2015:Q4,Other,7.7,9.4,9.7,8,7,8.7,5.6,5.4,4.8,14.1,8.1,6.8,20.7,4.9,6.5,10.3,8.4,8.4,6.5,9.2,11.3,11.3,11.5,10.9,7.8,12,6.8,7.1,12897536
2016:Q1,White,83.8,79.4,79.7,77.9,85.5,83.6,91,89.7,90.2,82,89.2,90.4,76.2,92,84.2,73.9,83.6,77.5,89,76.5,73.3,73.2,74.8,66.5,81.3,85.2,83.3,85.4,81694471
2016:Q1,Black,5.2,6,5.6,7.9,4.8,4.1,2.3,3.8,3.8,2.4,1.3,1.3,0.6,1.4,6.2,11.9,4.3,10.9,2.4,9.1,8.7,8.7,7.1,14.4,5.2,0.6,6.6,4.6,18109092
2016:Q1,Hispanic,3.3,5.1,4.9,6.2,2.5,3.6,0.7,0.9,0.9,0.8,0.7,0.7,0.8,1.7,3.4,3.8,3.6,3.1,2.1,5.4,6.6,6.6,6.5,8,5.2,1,3.6,2.8,12718932
2016:Q1,Other,7.8,9.5,9.8,8,7.1,8.8,6,5.6,5.1,14.8,8.8,7.6,22.4,4.9,6.2,10.4,8.5,8.5,6.4,9,11.4,11.5,11.6,11,8.3,13.2,6.6,7.2,12998919
2016:Q2,White,83.6,79.2,79.6,77.4,85.4,83.1,90.4,89.4,89.8,80,88.6,89.8,75.3,91.9,84.1,73.4,83.4,77.3,89.1,76.2,72.9,72.9,74.6,66.1,80.4,84.2,83.1,85.3,81602960
2016:Q2,Black,5.2,6.1,5.7,8.2,4.9,4.2,2.5,4,4.1,2.6,0.9,0.9,0.3,1.3,6.4,12.1,4.3,11,2.4,9.4,8.8,8.8,7.2,14.6,5.5,0.7,6.8,4.7,18261085
2016:Q2,Hispanic,3.4,5.2,4.9,6.2,2.6,3.7,0.8,0.9,0.9,0.9,0.8,0.8,0.4,1.8,3.6,4,3.7,3.1,2.1,5.4,6.8,6.8,6.6,8.2,5.6,1.2,3.7,2.8,12786911
2016:Q2,Other,7.8,9.5,9.8,8.1,7.1,8.9,6.4,5.7,5.3,16.5,9.7,8.4,24,5,6,10.5,8.6,8.6,6.4,8.9,11.6,11.6,11.7,11.2,8.5,13.9,6.4,7.2,13102264
2016:Q3,White,83.4,79,79.3,77.5,85.2,82.9,89.8,89.1,89.3,77.7,88.1,89.4,74.2,91.9,84,73,83,77.1,89.2,76,72.5,72.5,74.3,65.6,79.3,83.3,83.4,85.1,81545776
2016:Q3,Black,5.2,6.1,5.7,8.1,4.9,4.3,2.6,4.3,4.3,2.9,0.2,0.2,0.1,1.3,6.5,12.3,4.4,11,2.3,9.6,8.9,8.9,7.2,14.8,5.9,0.7,6.6,4.7,18393285
2016:Q3,Hispanic,3.4,5.3,5.1,6.3,2.7,3.9,0.8,0.9,0.9,0.9,0.8,0.9,0,1.8,3.8,4.1,3.8,3.2,2.1,5.5,6.9,6.9,6.7,8.3,6,1.3,3.9,2.9,12835479
2016:Q3,Other,7.9,9.6,9.9,8,7.2,8.9,6.7,5.7,5.5,18.5,10.8,9.5,25.7,5,5.7,10.5,8.7,8.7,6.4,8.8,11.7,11.7,11.8,11.3,8.8,14.6,6,7.3,13207203
2016:Q4,White,83.3,78.8,79.1,77.6,85.1,82.7,89.8,89.5,89.5,NA,88.1,89.4,74.6,91.6,83.5,73.2,82.7,77.1,88.9,75.8,72.3,72.3,74.1,65.4,80.3,83.8,83.3,85,81530683
2016:Q4,Black,5.3,6.1,5.8,8,4.9,4.3,2.6,4.1,4.1,NA,0.1,0.1,0.1,1.3,6.8,12.3,4.6,11.1,2.3,9.7,9,9,7.3,14.9,5.4,0.5,6.5,4.7,18502596
2016:Q4,Hispanic,3.4,5.3,5,6.4,2.7,3.8,0.8,0.9,0.9,NA,0.7,0.8,0.1,1.7,3.6,4.2,3.8,3.3,2.1,5.5,6.9,6.9,6.7,8.2,6.2,1.1,3.8,2.9,12862137
2016:Q4,Other,8,9.8,10.1,8,7.3,9.1,6.8,5.5,5.5,NA,11.1,9.7,25.1,5.3,6.1,10.2,8.8,8.5,6.7,9,11.8,11.9,12,11.5,8.1,14.6,6.4,7.4,13313438
2017:Q1,White,83.2,78.6,78.8,77.5,85,82.7,89.7,89.7,89.7,NA,88,89.2,74.9,91.4,82.9,73.4,82.3,77.1,88.7,75.6,72.2,72.1,73.9,65.3,81.5,84.7,82.4,84.9,81557012
2017:Q1,Black,5.3,6.1,5.7,8,4.9,4.3,2.6,3.9,3.9,NA,0.3,0.3,0.2,1.3,7,12.4,5,11.2,2.3,9.7,8.9,9,7.3,14.9,4.7,0.7,7,4.7,18588695
2017:Q1,Hispanic,3.4,5.3,5,6.4,2.6,3.7,0.8,0.9,0.9,NA,0.7,0.7,0.3,1.6,3.5,4.3,3.8,3.3,2.1,5.6,6.9,6.9,6.7,8.3,6.4,1.1,3.7,2.8,12868284
2017:Q1,Other,8.2,10,10.4,8.1,7.5,9.3,6.8,5.5,5.5,NA,11,9.7,24.6,5.7,6.6,9.9,9,8.4,7,9.1,12,12,12.1,11.6,7.3,13.5,6.9,7.6,13420946
2017:Q2,White,83.1,78.5,78.7,77.6,84.9,82.4,89.7,89.9,89.9,NA,88,89.2,75.5,91.2,82.4,73.6,82,77.2,88.3,75.5,72,72,73.7,65.2,81.3,85.6,81.9,84.7,81621987
2017:Q2,Black,5.3,6.1,5.7,7.9,4.9,4.4,2.5,3.7,3.7,NA,0.2,0.3,0.2,1.3,7.2,12.4,5.2,11.2,2.3,9.6,9,9,7.3,14.9,4.8,0.8,7.3,4.7,18651950
2017:Q2,Hispanic,3.3,5.3,5,6.4,2.6,3.5,0.8,0.9,0.9,NA,0.6,0.7,0.5,1.5,3.4,4.4,3.7,3.4,2.1,5.6,6.9,6.9,6.8,8.2,6.5,1.2,3.5,2.8,12856296
2017:Q2,Other,8.4,10.1,10.6,8.1,7.6,9.6,6.9,5.6,5.6,NA,11.1,9.9,23.8,6.1,7,9.6,9.1,8.2,7.3,9.2,12.1,12.1,12.3,11.8,7.3,12.4,7.3,7.8,13529774
2017:Q3,White,82.9,78.3,78.4,77.8,84.8,82.3,90,90.1,90.1,NA,88,89.1,75.8,91,81.9,73.9,81.6,77.2,88.1,75.3,71.9,71.9,73.4,65,82.4,86.3,81.4,84.6,81722831
2017:Q3,Black,5.2,6,5.7,7.7,4.9,4.4,2.4,3.4,3.4,NA,0.2,0.2,0.3,1.3,7.5,12.4,5.5,11.3,2.3,9.7,9,9,7.3,14.9,4.3,0.8,7.5,4.7,18692733
2017:Q3,Hispanic,3.3,5.3,5,6.5,2.5,3.4,0.8,0.9,0.9,NA,0.6,0.6,0.7,1.3,3.2,4.4,3.6,3.4,2.1,5.6,6.9,6.9,6.8,8.1,6.7,1.1,3.4,2.8,12828548
2017:Q3,Other,8.5,10.3,10.8,8.1,7.8,9.9,6.8,5.6,5.6,NA,11.2,10.1,23.3,6.4,7.4,9.3,9.3,8.1,7.5,9.4,12.2,12.2,12.5,12,6.6,11.7,7.8,8,13639966
2017:Q4,White,82.9,78.2,78.2,77.9,84.7,82.2,90.2,90.4,90.4,NA,88,89.1,76.3,90.7,81.4,74.1,81.3,77.3,87.8,75.2,71.8,71.8,73.3,65,82.9,87.1,81,84.5,81856768
2017:Q4,Black,5.2,6,5.7,7.5,4.9,4.5,2.3,3.2,3.2,NA,0,0,0.3,1.2,7.7,12.4,5.8,11.3,2.3,9.6,9,9,7.3,14.9,4,1.1,7.6,4.6,18711411
2017:Q4,Hispanic,3.2,5.3,5,6.5,2.4,3.3,0.8,0.8,0.8,NA,0.5,0.5,0.9,1.2,3.1,4.5,3.6,3.5,2.1,5.7,6.9,6.9,6.8,8,6.8,1.3,3.2,2.7,12787415
2017:Q4,Other,8.7,10.6,11.1,8.1,8,10.1,6.7,5.6,5.6,NA,11.5,10.5,22.5,6.8,7.8,9,9.4,8,7.8,9.5,12.3,12.3,12.7,12.1,6.3,10.5,8.2,8.2,13751571
2018:Q1,White,82.7,78,78,77.9,84.7,82.3,90.3,90.6,90.6,NA,87.9,89,76.8,90.5,81,74.4,81.1,77.4,87.5,75.1,71.8,71.8,73.2,64.9,83.2,87.9,80.1,84.4,82021021
2018:Q1,Black,5.2,5.9,5.6,7.5,4.9,4.4,2.2,2.9,2.9,NA,0,0,0.4,1.2,7.8,12.4,5.9,11.3,2.2,9.6,8.9,8.9,7.2,14.8,3.9,1.2,8.1,4.6,18708356
2018:Q1,Hispanic,3.2,5.3,5,6.5,2.4,3.2,0.8,0.8,0.8,NA,0.5,0.4,1.1,1.1,2.9,4.5,3.5,3.5,2.1,5.7,6.9,6.9,6.8,8,6.9,1.3,3.1,2.7,12735272
2018:Q1,Other,8.9,10.8,11.3,8.1,8.1,10.2,6.7,5.7,5.7,NA,11.6,10.6,21.7,7.1,8.3,8.6,9.6,7.8,8.1,9.6,12.4,12.5,12.8,12.3,6,9.6,8.7,8.3,13864633
2018:Q2,White,82.7,77.9,77.9,78,84.6,82,90.4,90.8,90.8,NA,88,88.9,77.4,90.3,80.5,74.7,80.8,77.5,87.3,75.1,71.7,71.7,73.1,64.9,82.6,88.6,79.7,84.3,82212815
2018:Q2,Black,5.2,5.9,5.6,7.4,4.9,4.5,2.1,2.7,2.7,NA,0,0,0.4,1.2,8,12.3,6,11.3,2.2,9.5,8.9,8.9,7.2,14.8,4.2,1.1,8.2,4.6,18683935
2018:Q2,Hispanic,3.2,5.2,5,6.5,2.3,3,0.8,0.8,0.8,NA,0.4,0.3,1.4,1,2.8,4.6,3.4,3.5,2.1,5.7,6.8,6.8,6.8,7.9,6.8,1.2,3,2.6,12674495
2018:Q2,Other,9,10.9,11.5,8.1,8.3,10.5,6.6,5.8,5.8,NA,11.6,10.7,20.8,7.4,8.7,8.3,9.7,7.7,8.4,9.8,12.6,12.6,13,12.4,6.4,9.1,9.1,8.5,13979199
2018:Q3,White,82.6,77.9,77.8,78.1,84.5,81.7,90.5,91,91,NA,88,88.9,78.1,90.1,80.1,75.1,80.6,77.6,87.1,75,71.6,71.6,72.9,64.9,83.5,89.4,79.1,84.2,82429373
2018:Q3,Black,5.1,5.8,5.6,7.3,4.8,4.5,2,2.4,2.4,NA,0,0,0.5,1.2,8.2,12.3,6.2,11.3,2.2,9.4,8.9,8.9,7.1,14.7,3.8,1.1,8.5,4.6,18638519
2018:Q3,Hispanic,3.1,5.2,5,6.5,2.2,2.9,0.8,0.7,0.7,NA,0.4,0.2,1.7,0.9,2.7,4.6,3.4,3.5,2.1,5.7,6.8,6.8,6.7,7.8,6.9,1.1,2.9,2.6,12607458
2018:Q3,Other,9.2,11.1,11.7,8.2,8.4,10.8,6.6,5.9,5.9,NA,11.6,10.8,19.7,7.8,9.1,8,9.8,7.5,8.7,9.9,12.7,12.7,13.2,12.6,5.9,8.4,9.5,8.7,14095316
2018:Q4,White,82.4,77.8,77.7,78.4,84.3,81.7,91,91.3,91.3,NA,87.9,88.8,79,89.9,79.7,75.6,80.7,77.8,86.9,75,71.6,71.5,72.8,64.9,82.4,90.3,79,84,82667918
2018:Q4,Black,5.2,5.8,5.5,7,4.9,4.5,1.8,2.1,2.1,NA,0,0,0.6,1.3,8.3,12.1,5.9,11.3,2.1,9.4,8.8,8.8,7.1,14.7,4.3,0.9,8.4,4.6,18572478
2018:Q4,Hispanic,3.1,5.2,4.9,6.5,2.2,2.8,0.7,0.7,0.7,NA,0.3,0.2,2,0.8,2.5,4.7,3.4,3.6,2.1,5.7,6.7,6.7,6.7,7.6,6.8,0.8,2.7,2.6,12536538
2018:Q4,Other,9.4,11.3,11.9,8.1,8.6,11,6.4,6,6,NA,11.7,11.1,18.4,8,9.5,7.6,10.1,7.4,9,10,12.9,12.9,13.3,12.8,6.5,8,10,8.8,14213029
2019:Q1,White,82.5,77.7,77.6,78.2,84.5,81.8,91.4,91.5,91.5,NA,88,88.7,80.2,89.7,79.2,75.8,80.3,77.9,86.6,75,71.6,71.6,72.8,65,84.6,91.2,78.4,84.1,82925674
2019:Q1,Black,5,5.7,5.5,7.2,4.7,4.4,1.7,1.8,1.8,NA,0.1,0,0.7,1.2,8.5,12.1,6.3,11.2,2.1,9.2,8.7,8.7,7,14.5,3.2,0.8,8.7,4.5,18486181
2019:Q1,Hispanic,3,5.1,4.9,6.4,2.1,2.6,0.7,0.6,0.6,NA,0.3,0.1,2.4,0.7,2.4,4.7,3.3,3.6,2.1,5.7,6.7,6.7,6.7,7.6,7,0.7,2.6,2.5,12464108
2019:Q1,Other,9.5,11.5,12.1,8.3,8.7,11.1,6.3,6.1,6.1,NA,11.6,11.2,16.8,8.4,9.9,7.3,10.1,7.3,9.3,10.2,13,13,13.5,12.9,5.1,7.3,10.4,9,14332385
2019:Q2,White,82.5,77.7,77.5,78.3,84.4,81.5,91.4,91.7,91.7,NA,88.2,88.7,81.6,89.5,78.8,76.2,80,78.1,86.3,74.9,71.5,71.5,72.6,65,84.7,92,78.1,84,83199866
2019:Q2,Black,5,5.7,5.4,7.1,4.7,4.5,1.6,1.5,1.5,NA,0.1,0,0.8,1.2,8.6,12,6.5,11.2,2,9.1,8.7,8.7,7,14.4,3.2,0.9,8.7,4.4,18379997
2019:Q2,Hispanic,2.9,5.1,4.8,6.4,2.1,2.5,0.7,0.6,0.6,NA,0.3,0,2.8,0.6,2.2,4.7,3.2,3.6,2.1,5.6,6.7,6.7,6.7,7.5,7.1,0.7,2.4,2.4,12392546
2019:Q2,Other,9.7,11.6,12.2,8.3,8.9,11.5,6.3,6.2,6.2,NA,11.5,11.2,14.8,8.7,10.3,7.1,10.3,7.2,9.5,10.3,13.1,13.1,13.7,13.1,5,6.4,10.8,9.2,14453430
2019:Q3,White,82.4,77.6,77.4,78.6,84.3,81.3,91.9,92,92,NA,88.2,88.6,83.3,89.3,78.4,76.5,79.9,78.2,86.1,74.9,71.5,71.5,72.5,65,86,92.8,77.6,83.9,83487715
2019:Q3,Black,4.9,5.5,5.3,6.7,4.7,4.5,1.4,1.3,1.3,NA,0.3,0.3,0.9,1.1,8.7,11.9,6.6,11.1,2,9,8.6,8.6,7,14.3,2.6,0.9,8.8,4.4,18254296
2019:Q3,Hispanic,2.9,5.2,4.9,6.4,2,2.4,0.7,0.5,0.5,NA,0.3,0,3.3,0.5,2.1,4.8,3.1,3.6,2,5.6,6.7,6.7,6.7,7.4,7.2,0.7,2.3,2.4,12324224
2019:Q3,Other,9.8,11.7,12.4,8.3,9,11.8,6,6.2,6.2,NA,11.2,11.1,12.5,9.1,10.8,6.8,10.4,7.1,9.8,10.4,13.2,13.2,13.8,13.3,4.2,5.6,11.2,9.3,14576210
2019:Q4,White,82.6,77.7,77.5,78.7,84.5,81.8,92.1,91.7,91.7,NA,87.8,88.3,82.3,89.3,78.5,76.5,80,78.2,86.4,75,71.4,71.4,72.5,65.1,85.4,92.3,77.7,84.1,83786869
2019:Q4,Black,4.8,5.6,5.4,6.7,4.5,4.3,1.4,1.3,1.3,NA,0.6,0.6,0.9,1.1,8.5,11.9,6.5,11.1,2,9.1,8.7,8.7,6.9,14.5,2.9,1,8.6,4.3,18109310
2019:Q4,Hispanic,2.8,5,4.8,6.3,2,2.4,0.7,0.6,0.6,NA,0.2,0,2.8,0.5,2.1,4.6,3,3.6,2,5.5,6.6,6.6,6.7,7.2,6.7,0.8,2.3,2.3,12261325
2019:Q4,Other,9.8,11.7,12.4,8.3,9,11.5,5.8,6.5,6.5,NA,11.3,11.1,14,9.1,10.8,7.1,10.4,7.2,9.6,10.4,13.3,13.3,13.9,13.2,5.1,5.9,11.3,9.3,14700758
2020:Q1,White,82.3,77.8,77.6,78.7,84.3,82.3,92.7,91.5,91.5,93.1,87.4,87.8,81.5,89.1,78.6,76.6,80.7,78.3,86.6,75.1,71.4,71.4,72.5,65.1,83.1,91.7,77.6,83.9,84096658
2020:Q1,Black,4.9,5.6,5.4,6.6,4.7,4.1,1.2,1.2,1.2,0.7,1.7,1.8,0.8,1.1,8.4,11.7,5.6,11,2,9.1,8.6,8.6,6.9,14.5,3.9,1.2,8.8,4.4,17944713
2020:Q1,Hispanic,2.9,5,4.7,6.3,2,2.4,0.6,0.6,0.6,0.3,0.3,0.1,2.4,0.5,2.1,4.6,3,3.5,1.9,5.4,6.5,6.5,6.6,7.2,6,0.9,2.4,2.4,12205248
2020:Q1,Other,9.8,11.7,12.4,8.4,9,11.2,5.4,6.7,6.7,5.9,10.7,10.3,15.3,9.3,10.9,7.1,10.7,7.2,9.4,10.4,13.4,13.4,14.1,13.2,6.9,6.1,11.3,9.3,14827050
2020:Q2,White,82.7,77.8,77.7,78.8,84.6,83.1,92.9,91.4,91.3,95.4,87.1,87.6,80.7,89.2,78.7,76.4,80.6,78.3,86.8,75.1,71.5,71.5,72.5,65.2,83.6,91.4,77.8,84.2,84416835
2020:Q2,Black,4.8,5.5,5.4,6.5,4.4,3.7,1.2,1.2,1.3,0.5,1.9,2,0.7,1,8.2,11.7,5.9,10.9,2.1,9.1,8.6,8.6,6.8,14.5,3.7,1.1,8.5,4.2,17760045
2020:Q2,Hispanic,2.8,4.9,4.7,6.2,2,2.4,0.6,0.6,0.6,0.3,0.2,0.1,2.1,0.5,2.1,4.4,2.9,3.5,1.9,5.3,6.5,6.5,6.5,7.1,5.7,0.9,2.3,2.3,12157197
2020:Q2,Other,9.8,11.7,12.3,8.4,9,10.7,5.2,6.7,6.8,3.9,10.7,10.3,16.5,9.2,11,7.6,10.6,7.3,9.3,10.4,13.5,13.5,14.2,13.2,7.1,6.6,11.4,9.3,14955051
2020:Q3,White,82.8,77.9,77.8,78.6,84.8,83.5,92.8,91.1,91.1,NA,86.9,87.5,80,89.2,78.8,76.3,80.7,78.4,87,75.2,71.5,71.5,72.5,65.2,84.2,90.7,77.9,84.3,84747153
2020:Q3,Black,4.7,5.5,5.3,6.7,4.3,3.6,1.3,1.2,1.2,NA,2,2.1,0.7,1,8,11.6,5.9,10.8,2.1,9.2,8.5,8.5,6.7,14.6,3.4,1.5,8.2,4.1,17554844
2020:Q3,Hispanic,2.8,4.9,4.6,6.1,1.9,2.4,0.7,0.6,0.6,NA,0.2,0,1.7,0.5,2.1,4.2,2.8,3.4,1.8,5.2,6.4,6.4,6.5,7,5.4,1.3,2.3,2.3,12118379
2020:Q3,Other,9.8,11.7,12.3,8.6,9,10.6,5.2,7.1,7.1,NA,10.9,10.4,17.6,9.2,11,7.9,10.6,7.3,9,10.3,13.6,13.6,14.3,13.2,7.1,6.4,11.5,9.3,15084724
2020:Q4,White,83.1,77.9,77.8,78.5,85,84,92.7,90.8,90.8,NA,86.7,87.3,79.3,89.3,78.9,76.2,80.7,78.4,87.2,75.3,71.7,71.7,72.6,65.3,83.8,90.2,78.2,84.5,85087367
2020:Q4,Black,4.5,5.5,5.3,6.7,4.1,3.4,1.4,1.2,1.2,NA,2.3,2.5,0.7,0.9,7.9,11.5,5.9,10.7,2.1,9.2,8.5,8.5,6.6,14.7,3.5,2,7.9,4,17328646
2020:Q4,Hispanic,2.7,4.8,4.6,6.1,1.8,2.4,0.7,0.6,0.6,NA,0.1,0,1.4,0.6,2.2,4.1,2.8,3.4,1.8,5.2,6.3,6.3,6.4,6.8,5,1.7,2.3,2.2,12089999
2020:Q4,Other,9.7,11.7,12.2,8.7,9,10.2,5.2,7.3,7.3,NA,10.8,10.2,18.6,9.2,11.1,8.2,10.6,7.5,8.9,10.3,13.6,13.6,14.4,13.2,7.7,6.2,11.7,9.3,15216032
2021:Q1,White,83.2,78,77.9,78.3,85.2,84.6,92.8,90.7,90.7,NA,86.6,87.1,79.1,89.3,79,76.2,80.9,78.5,87.4,75.4,71.8,71.8,72.7,65.4,83.8,89.7,78.1,84.6,85437228
2021:Q1,Black,4.4,5.5,5.3,6.9,4,3.1,1.4,1.2,1.2,NA,2.5,2.7,0.6,0.9,7.7,11.3,5.8,10.6,2.1,9.2,8.3,8.3,6.4,14.7,3.4,2.2,7.9,3.9,17080991
2021:Q1,Hispanic,2.6,4.8,4.6,6,1.8,2.4,0.7,0.7,0.7,NA,0.1,0,1.2,0.6,2.2,4,2.7,3.4,1.8,5.1,6.2,6.2,6.3,6.7,4.7,1.9,2.3,2.2,12073260
2021:Q1,Other,9.7,11.7,12.2,8.8,9,9.9,5.1,7.3,7.3,NA,10.8,10.1,19.1,9.3,11.1,8.5,10.6,7.5,8.7,10.3,13.6,13.7,14.5,13.2,8,6.1,11.6,9.3,15348939
2021:Q2,White,83.3,78,78,77.8,85.4,84.8,92.8,90.6,90.5,93,86.4,87,78.8,89.3,79.1,76.1,81,78.6,87.6,75.5,71.7,71.7,72.6,65.4,83.8,89.4,78.3,84.7,85796490
2021:Q2,Black,4.3,5.5,5.2,7.2,3.8,3,1.4,1.2,1.2,0.6,2.8,2.9,0.6,0.8,7.5,11.2,5.7,10.4,2.2,9.1,8.4,8.4,6.4,14.9,3.4,2.3,7.6,3.8,16811416
2021:Q2,Hispanic,2.6,4.8,4.6,5.9,1.8,2.4,0.7,0.7,0.7,0.3,0.1,0.1,0.9,0.6,2.2,3.9,2.7,3.4,1.8,5,6.2,6.2,6.4,6.5,4.4,2.1,2.3,2.2,12069369
2021:Q2,Other,9.8,11.7,12.2,9.1,9,9.8,5.1,7.5,7.5,6.1,10.7,10,19.7,9.3,11.2,8.8,10.6,7.6,8.5,10.3,13.7,13.7,14.6,13.2,8.3,6.3,11.8,9.3,15483408
2021:Q3,White,83.3,77.9,78,77.6,85.5,85,92.7,90.5,90.4,94.3,86.3,86.9,78.5,89.3,79.3,76.1,81.2,78.7,87.7,75.7,71.6,71.6,72.4,65.5,83.2,89.1,78.4,84.7,86164906
2021:Q3,Black,4.2,5.5,5.2,7.3,3.7,2.9,1.5,1.2,1.2,0.5,3,3.2,0.6,0.8,7.3,11,5.5,10.3,2.2,9.1,8.4,8.4,6.4,14.8,3.6,2.3,7.4,3.7,16519458
2021:Q3,Hispanic,2.6,4.8,4.6,5.9,1.8,2.4,0.8,0.7,0.7,0.3,0.1,0.1,0.7,0.6,2.2,3.8,2.6,3.3,1.8,5,6.2,6.2,6.5,6.5,4.1,2.2,2.3,2.2,12079531
2021:Q3,Other,9.8,11.8,12.2,9.3,9,9.8,5.1,7.6,7.7,5,10.5,9.8,20.2,9.3,11.3,9,10.7,7.7,8.3,10.3,13.8,13.8,14.7,13.2,9.1,6.4,11.9,9.3,15619403
2021:Q4,White,83.4,78,78.1,77.4,85.6,85.3,92.8,90.2,90.2,92.1,86.2,86.8,78.2,89.3,79.4,76.2,81.3,78.8,87.9,75.8,71.5,71.5,72.3,65.7,81.4,88.9,78.6,84.9,86542230
2021:Q4,Black,4.2,5.5,5.2,7.3,3.6,2.7,1.4,1.2,1.2,0.7,3.2,3.4,0.6,0.8,7.1,10.8,5.4,10.1,2.2,9,8.3,8.3,6.4,14.8,4.3,2.3,7.2,3.7,16204656
2021:Q4,Hispanic,2.6,4.8,4.6,5.9,1.8,2.4,0.8,0.7,0.7,0.3,0.1,0.1,0.5,0.6,2.2,3.7,2.6,3.3,1.8,4.9,6.2,6.2,6.5,6.4,3.7,2.2,2.3,2.2,12104950
2021:Q4,Other,9.8,11.7,12.2,9.4,9,9.6,5,7.9,7.9,6.9,10.5,9.7,20.7,9.4,11.3,9.3,10.7,7.8,8.2,10.3,13.9,13.9,14.8,13.2,10.5,6.6,11.9,9.3,15756888
2022:Q1,White,83.3,77.9,78,77.2,85.7,85.6,92.8,90,90,NA,86.2,86.7,77.4,89.2,79.5,76.3,81.6,79,88,75.9,71.4,71.4,72,65.8,80.9,88.6,78.6,84.8,86928214
2022:Q1,Black,4.1,5.4,5.1,7.4,3.5,2.6,1.5,1.1,1.1,NA,3.6,3.8,0.5,0.7,6.8,10.6,4.9,9.9,2.2,8.9,8.3,8.3,6.4,14.5,4.4,2.3,7.1,3.6,15866548
2022:Q1,Hispanic,2.7,4.8,4.6,5.8,1.8,2.4,0.8,0.7,0.7,NA,0.1,0.1,0.3,0.6,2.2,3.7,2.6,3.3,1.8,4.9,6.3,6.3,6.7,6.4,3.5,2.2,2.4,2.3,12146832
2022:Q1,Other,9.9,11.9,12.3,9.6,9,9.4,4.9,8.1,8.1,NA,10.1,9.4,21.7,9.4,11.4,9.5,10.8,7.7,8,10.3,14,14,14.9,13.2,11.2,6.8,11.9,9.4,15895825
2022:Q2,White,83.1,77.9,78,77.3,85.7,85.7,92.9,89.8,89.8,NA,86.1,86.7,76.6,89.1,79.6,76.4,82.1,79.4,88.2,76.1,71.3,71.3,71.9,66,80,88.3,78.8,84.6,87322611
2022:Q2,Black,4.1,5.3,5,7.2,3.5,2.5,1.4,1.1,1.1,NA,3.5,3.7,0.5,0.7,6.6,10.3,4.3,9.7,2.2,8.8,8.2,8.2,6.3,14.4,4.7,2.1,6.8,3.6,15504672
2022:Q2,Hispanic,2.8,4.8,4.7,5.8,1.8,2.3,0.8,0.7,0.7,NA,0.1,0.1,0.2,0.6,2.2,3.6,2.6,3.3,1.8,4.8,6.3,6.4,6.7,6.3,3.2,2.1,2.4,2.4,12206381
2022:Q2,Other,9.9,11.9,12.3,9.7,9,9.5,4.8,8.4,8.4,NA,10.3,9.5,22.8,9.5,11.5,9.7,11,7.5,7.9,10.3,14.2,14.2,15,13.2,12,7.4,12.1,9.4,16036178
2022:Q3,White,83.3,78.3,78.4,77.3,85.8,85.7,93,89.6,89.6,NA,86,86.7,75.9,89,79.8,76.4,82.4,79.7,88.4,76.2,71.4,71.3,72,66.2,79.6,88,78.9,84.9,87725176
2022:Q3,Black,4,5.3,5,7.1,3.4,2.4,1.4,1,1,NA,3.4,3.6,0.4,0.7,6.4,10.1,3.9,9.5,2.2,8.7,8.1,8.1,6.1,14.4,4.8,2.1,6.5,3.5,15118565
2022:Q3,Hispanic,2.8,4.8,4.6,5.8,1.8,2.3,0.8,0.7,0.7,NA,0.1,0.1,0,0.6,2.2,3.5,2.5,3.4,1.7,4.8,6.3,6.3,6.7,6.2,3,2.2,2.4,2.3,12284804
2022:Q3,Other,9.9,11.7,12,9.8,9,9.5,4.8,8.7,8.7,NA,10.5,9.6,23.7,9.6,11.6,10,11.1,7.4,7.7,10.3,14.3,14.3,15.1,13.2,12.6,7.7,12.2,9.3,16177911
2022:Q4,White,83.2,77.9,78.1,77.1,85.7,85.4,93.1,89.4,89.4,NA,85.9,86.6,75.3,88.9,79.6,76.3,82.2,79.7,88.4,76.1,71.1,71.1,71.9,66.1,78.7,87.8,79,84.9,87740163
2022:Q4,Black,4,5.4,5,7.1,3.4,2.5,1.4,0.9,0.9,NA,3.3,3.5,0.4,0.7,6.4,10,4,9.5,2.1,8.7,8.1,8.1,6.1,14.4,5.1,1.9,6.2,3.5,15116267
2022:Q4,Hispanic,2.8,4.8,4.6,5.9,1.8,2.3,0.8,0.7,0.7,NA,0,0,0,0.6,2.2,3.5,2.5,3.4,1.7,4.8,6.3,6.3,6.7,6.2,3,1.9,2.3,2.3,12347974
2022:Q4,Other,10,11.9,12.2,9.9,9.1,9.8,4.8,9,9,NA,10.8,9.9,24.3,9.7,11.7,10.1,11.2,7.4,7.8,10.4,14.5,14.5,15.3,13.3,13.3,8.4,12.4,9.4,16408955
2023:Q1,White,83.1,77.8,77.9,76.9,85.6,85.1,93.3,89.1,89.1,NA,85.7,86.5,74.9,88.8,79.5,76.1,81.9,79.5,88.3,75.9,71.1,71.1,71.9,65.9,79.6,87.6,78.7,84.8,87781563
2023:Q1,Black,4,5.4,5,7.1,3.3,2.5,1.3,0.9,0.9,NA,3.2,3.4,0.4,0.7,6.4,10,4.2,9.5,2.1,8.7,8,8,6,14.5,4.6,1.8,6.3,3.4,15134598
2023:Q1,Hispanic,2.8,4.8,4.7,5.9,1.8,2.3,0.8,0.6,0.6,NA,0,0,0,0.6,2.3,3.5,2.6,3.4,1.7,4.8,6.2,6.2,6.6,6.1,3,1.9,2.4,2.3,12446519
2023:Q1,Other,10.1,12,12.4,10,9.2,10.1,4.7,9.3,9.3,NA,11.1,10.1,24.6,9.8,11.9,10.3,11.4,7.6,7.9,10.5,14.7,14.7,15.5,13.5,12.8,8.7,12.6,9.5,16683976
2023:Q2,White,83,77.5,77.7,76.7,85.6,84.9,93.3,89,89,NA,85.6,86.4,74.6,88.8,79.4,76,81.7,79.4,88.2,75.8,71,71,71.8,65.8,79.8,87.6,78.6,84.6,87717343
2023:Q2,Black,4,5.3,5,7.2,3.3,2.5,1.2,0.9,0.9,NA,3.2,3.4,0.4,0.7,6.4,10.1,4.3,9.5,2.1,8.7,8,8,6,14.6,4.5,1.9,6.3,3.4,15159650
2023:Q2,Hispanic,2.7,4.8,4.6,5.9,1.8,2.3,0.7,0.6,0.6,NA,0,0,0,0.6,2.3,3.5,2.6,3.4,1.7,4.8,6.2,6.2,6.6,6,3.1,2,2.4,2.3,12447442
2023:Q2,Other,10.3,12.3,12.7,10.2,9.4,10.3,4.7,9.5,9.5,NA,11.2,10.2,25,9.9,12,10.4,11.4,7.7,8,10.6,14.8,14.8,15.6,13.6,12.7,8.6,12.7,9.7,16851101
2023:Q3,White,82.9,77.5,77.6,76.7,85.5,84.7,93.5,89,89,NA,85.5,86.3,74.6,88.7,79.3,75.8,81.7,79.4,88.2,75.8,71,71,71.8,65.8,79.8,87.6,78.5,84.5,87592566
2023:Q3,Black,4,5.3,5,7.2,3.4,2.6,1.2,0.9,0.9,NA,3,3.2,0.4,0.7,6.4,10.2,4.3,9.6,2.1,8.8,8.1,8.1,6,14.7,4.5,1.9,6.4,3.5,15220713
2023:Q3,Hispanic,2.8,4.8,4.6,5.9,1.8,2.3,0.7,0.6,0.6,NA,0,0,0,0.6,2.3,3.6,2.6,3.4,1.7,4.8,6.2,6.2,6.6,5.9,3.1,2,2.4,2.3,12465961
2023:Q3,Other,10.3,12.4,12.8,10.2,9.3,10.4,4.6,9.5,9.5,NA,11.5,10.4,24.9,9.9,12,10.4,11.4,7.6,8,10.6,14.8,14.8,15.6,13.6,12.6,8.4,12.6,9.8,16834215
2023:Q4,White,83,77.4,77.6,76.6,85.6,84.8,93.6,88.9,88.9,NA,85.5,86.3,74.5,88.8,79.3,75.9,81.5,79.3,88.2,75.7,71,70.9,71.8,65.8,79.7,87.6,78.4,84.6,87585741
2023:Q4,Black,3.9,5.3,5,7.3,3.3,2.6,1.1,0.9,0.9,NA,3.1,3.3,0.4,0.7,6.4,10.1,4.5,9.5,2.1,8.8,8.1,8.1,5.9,14.7,4.5,1.9,6.5,3.4,15186248
2023:Q4,Hispanic,2.7,4.8,4.6,5.9,1.7,2.3,0.7,0.6,0.6,NA,0,0,0,0.6,2.3,3.6,2.6,3.4,1.7,4.9,6.2,6.2,6.6,5.9,3.1,2,2.4,2.3,12524427
2023:Q4,Other,10.3,12.4,12.8,10.2,9.4,10.4,4.6,9.6,9.6,NA,11.4,10.4,25.1,9.9,12,10.4,11.4,7.8,8,10.6,14.8,14.8,15.7,13.6,12.7,8.5,12.6,9.8,16884096
2024:Q1,White,82.8,77.2,77.3,76.3,85.5,84.7,93.5,88.8,88.8,NA,85.4,86.2,74,88.7,79.1,75.7,81.2,79.1,88.2,75.5,70.9,70.9,71.7,65.6,79.3,87.5,78.2,84.3,87624361
2024:Q1,Black,3.9,5.3,4.9,7.3,3.2,2.5,1.1,0.9,0.9,NA,3.1,3.3,0.4,0.7,6.4,10.1,4.7,9.5,2.1,8.8,8,8,5.9,14.7,4.6,2,6.6,3.4,15174562
2024:Q1,Hispanic,2.7,4.8,4.6,5.9,1.7,2.3,0.7,0.6,0.6,NA,0,0,0,0.6,2.3,3.6,2.6,3.4,1.7,4.9,6.2,6.2,6.6,5.9,3.1,2.2,2.5,2.3,12657541
2024:Q1,Other,10.6,12.7,13.1,10.4,9.5,10.4,4.7,9.7,9.7,NA,11.6,10.6,25.6,10,12.1,10.6,11.5,7.9,8.1,10.8,15,15,15.9,13.8,13,8.3,12.7,10,17159841
2024:Q2,White,82.6,76.9,77,76.2,85.4,84.5,93.5,88.6,88.6,NA,85.2,86,73.6,88.6,79,75.6,81,79,88,75.4,70.7,70.7,71.5,65.4,79.4,87.4,78,84.1,87557201
2024:Q2,Black,3.9,5.2,4.9,7.3,3.2,2.6,1.1,0.9,0.9,NA,3.1,3.2,0.4,0.7,6.4,10.1,4.7,9.5,2.1,8.8,8,8,5.8,14.7,4.5,2.1,6.6,3.4,15199639
2024:Q2,Hispanic,2.7,4.9,4.7,6,1.7,2.4,0.7,0.6,0.6,NA,0,0,0,0.6,2.4,3.6,2.6,3.5,1.7,4.9,6.2,6.2,6.6,5.9,3.1,2.3,2.5,2.3,12793432
2024:Q2,Other,10.7,13,13.4,10.5,9.6,10.6,4.7,9.9,9.9,NA,11.7,10.7,26,10.1,12.3,10.7,11.6,8,8.2,10.8,15.1,15.1,16,13.9,13,8.2,12.9,10.2,17342683
2024:Q3,White,82.7,76.8,76.9,76,85.4,84.5,93.6,88.5,88.5,NA,85.2,86,73.2,88.6,78.9,75.4,80.8,78.9,88,75.2,70.6,70.5,71.4,65.2,79.4,87.4,78,84.2,87462838
2024:Q3,Black,3.9,5.3,5,7.4,3.2,2.6,1.1,0.8,0.8,NA,3.3,3.5,0.4,0.7,6.5,10.2,4.9,9.6,2.1,9,8.1,8.1,5.9,14.8,4.5,2.1,6.5,3.4,15361466
2024:Q3,Hispanic,2.7,4.9,4.7,6,1.7,2.4,0.7,0.6,0.6,NA,0,0,0,0.6,2.4,3.6,2.6,3.5,1.7,5,6.2,6.3,6.7,6,3.2,2.3,2.5,2.3,12850165
2024:Q3,Other,10.7,13,13.4,10.6,9.7,10.6,4.7,10,10,NA,11.5,10.5,26.4,10.1,12.3,10.7,11.6,8.1,8.2,10.9,15.1,15.1,16.1,14,13,8.2,13,10.2,17414625
2024:Q4,White,82.7,76.7,76.9,75.8,85.4,84.6,93.7,88.6,88.6,NA,84.9,85.8,73,88.5,78.8,75.3,80.8,78.7,87.9,75.1,70.6,70.6,71.4,65,85.4,87.4,78.1,84.1,87371011
2024:Q4,Black,3.9,5.4,5,7.6,3.2,2.6,1,0.9,0.9,NA,2.7,2.8,0.4,0.7,6.5,10.3,5,9.7,2.1,9.1,8.1,8.1,5.9,15,2,2.2,6.3,3.4,15555838
2024:Q4,Hispanic,2.7,4.9,4.7,6.1,1.7,2.4,0.7,0.6,0.6,NA,0,0,0,0.6,2.4,3.7,2.7,3.5,1.7,5,6.3,6.3,6.7,6,3.6,2.4,2.4,2.3,12960275
2024:Q4,Other,10.7,13,13.4,10.6,9.6,10.5,4.6,9.9,9.9,NA,12.5,11.3,26.6,10.1,12.3,10.7,11.6,8.1,8.2,10.8,15.1,15.1,16,13.9,8.9,8,13.1,10.2,17390949
